[{"url": "https://www.goodreads.com/book/show/4667024-the-help?from_choice=true", "name": "The Help", "author": ["Kathryn Stockett"], "average_rating": 4.47, "reviews": [{"rating": 4, "date": "1899-12-30"}, {"rating": 5, "date": "2001-03-14"}, {"rating": 5, "date": "2001-06-10"}, {"rating": 5, "date": "2001-07-10"}, {"rating": 4, "date": "2001-07-11"}, {"rating": 5, "date": "2002-08-11"}, {"rating": 4, "date": "2003-09-10"}, {"rating": 4, "date": "2003-12-12"}, {"rating": 5, "date": "2005-07-12"}, {"rating": 3, "date": "2007-01-12"}, {"rating": 5, "date": "2008-02-11"}, {"rating": 5, "date": "2008-09-15"}, {"rating": 3, "date": "2008-10-09"}, {"rating": 4, "date": "2008-10-24"}, {"rating": 5, "date": "2008-11-02"}, {"rating": 4, "date": "2008-11-11"}, {"rating": 5, "date": "2008-11-12"}, {"rating": 5, "date": "2008-11-16"}, {"rating": 5, "date": "2008-11-17"}, {"rating": 5, "date": "2008-11-19"}, {"rating": 5, "date": "2008-11-24"}, {"rating": 5, "date": "2008-11-28"}, {"rating": 5, "date": "2008-12-01"}, {"rating": 4, "date": "2008-12-03"}, {"rating": 5, "date": "2008-12-03"}, {"rating": 5, "date": "2008-12-04"}, {"rating": 5, "date": "2008-12-07"}, {"rating": 5, "date": "2008-12-08"}, {"rating": 5, "date": "2008-12-08"}, {"rating": 5, "date": "2008-12-10"}, {"rating": 5, "date": "2008-12-13"}, {"rating": 5, "date": "2008-12-13"}, {"rating": 5, "date": "2008-12-13"}, {"rating": 5, "date": "2008-12-13"}, {"rating": 4, "date": "2008-12-14"}, {"rating": 5, "date": "2008-12-14"}, {"rating": 4, "date": "2008-12-15"}, {"rating": 5, "date": "2008-12-15"}, {"rating": 5, "date": "2008-12-15"}, {"rating": 5, "date": "2008-12-15"}, {"rating": 4, "date": "2008-12-16"}, {"rating": 5, "date": "2008-12-17"}, {"rating": 5, "date": "2008-12-21"}, {"rating": 5, "date": "2008-12-22"}, {"rating": 4, "date": "2008-12-22"}, {"rating": 4, "date": "2008-12-23"}, {"rating": 4, "date": "2008-12-30"}, {"rating": 4, "date": "2008-12-30"}, {"rating": 5, "date": "2008-12-30"}, {"rating": 5, "date": "2008-12-31"}, {"rating": 4, "date": "2008-12-31"}, {"rating": 5, "date": "2009-01-02"}, {"rating": 4, "date": "2009-01-03"}, {"rating": 5, "date": "2009-01-04"}, {"rating": 4, "date": "2009-01-05"}, {"rating": 5, "date": "2009-01-07"}, {"rating": 4, "date": "2009-01-07"}, {"rating": 4, "date": "2009-01-07"}, {"rating": 4, "date": "2009-01-08"}, {"rating": 5, "date": "2009-01-09"}, {"rating": 4, "date": "2009-01-09"}, {"rating": 5, "date": "2009-01-09"}, {"rating": 5, "date": "2009-01-10"}, {"rating": 3, "date": "2009-01-10"}, {"rating": 5, "date": "2009-01-11"}, {"rating": 4, "date": "2009-01-11"}, {"rating": 5, "date": "2009-01-12"}, {"rating": 5, "date": "2009-01-12"}, {"rating": 5, "date": "2009-01-13"}, {"rating": 5, "date": "2009-01-13"}, {"rating": 4, "date": "2009-01-13"}, {"rating": 5, "date": "2009-01-13"}, {"rating": 5, "date": "2009-01-13"}, {"rating": 5, "date": "2009-01-14"}, {"rating": 5, "date": "2009-01-14"}, {"rating": 4, "date": "2009-01-14"}, {"rating": 5, "date": "2009-01-14"}, {"rating": 3, "date": "2009-01-14"}, {"rating": 5, "date": "2009-01-15"}, {"rating": 5, "date": "2009-01-16"}, {"rating": 4, "date": "2009-01-16"}, {"rating": 5, "date": "2009-01-16"}, {"rating": 5, "date": "2009-01-16"}, {"rating": 4, "date": "2009-01-16"}, {"rating": 3, "date": "2009-01-18"}, {"rating": 5, "date": "2009-01-18"}, {"rating": 4, "date": "2009-01-19"}, {"rating": 2, "date": "2009-01-20"}, {"rating": 4, "date": "2009-01-20"}, {"rating": 4, "date": "2009-01-23"}, {"rating": 5, "date": "2009-01-24"}, {"rating": 5, "date": "2009-01-27"}, {"rating": 5, "date": "2009-01-29"}, {"rating": 5, "date": "2009-01-29"}, {"rating": 5, "date": "2009-01-31"}, {"rating": 5, "date": "2009-02-01"}, {"rating": 5, "date": "2009-02-01"}, {"rating": 4, "date": "2009-02-01"}, {"rating": 4, "date": "2009-02-02"}, {"rating": 5, "date": "2009-02-03"}, {"rating": 4, "date": "2009-02-03"}, {"rating": 5, "date": "2009-02-03"}, {"rating": 5, "date": "2009-02-03"}, {"rating": 5, "date": "2009-02-03"}, {"rating": 5, "date": "2009-02-04"}, {"rating": 5, "date": "2009-02-04"}, {"rating": 5, "date": "2009-02-04"}, {"rating": 5, "date": "2009-02-04"}, {"rating": 5, "date": "2009-02-05"}, {"rating": 5, "date": "2009-02-05"}, {"rating": 5, "date": "2009-02-05"}, {"rating": 5, "date": "2009-02-05"}, {"rating": 5, "date": "2009-02-06"}, {"rating": 5, "date": "2009-02-07"}, {"rating": 5, "date": "2009-02-07"}, {"rating": 4, "date": "2009-02-07"}, {"rating": 4, "date": "2009-02-08"}, {"rating": 5, "date": "2009-02-08"}, {"rating": 4, "date": "2009-02-08"}, {"rating": 4, "date": "2009-02-08"}, {"rating": 5, "date": "2009-02-08"}, {"rating": 4, "date": "2009-02-08"}, {"rating": 5, "date": "2009-02-09"}, {"rating": 4, "date": "2009-02-09"}, {"rating": 4, "date": "2009-02-09"}, {"rating": 4, "date": "2009-02-09"}, {"rating": 5, "date": "2009-02-09"}, {"rating": 5, "date": "2009-02-09"}, {"rating": 5, "date": "2009-02-09"}, {"rating": 4, "date": "2009-02-10"}, {"rating": 5, "date": "2009-02-10"}, {"rating": 3, "date": "2009-02-10"}, {"rating": 5, "date": "2009-02-10"}, {"rating": 5, "date": "2009-02-10"}, {"rating": 5, "date": "2009-02-10"}, {"rating": 4, "date": "2009-02-10"}, {"rating": 4, "date": "2009-02-10"}, {"rating": 5, "date": "2009-02-11"}, {"rating": 5, "date": "2009-02-11"}, {"rating": 4, "date": "2009-02-11"}, {"rating": 4, "date": "2009-02-11"}, {"rating": 4, "date": "2009-02-11"}, {"rating": 5, "date": "2009-02-11"}, {"rating": 5, "date": "2009-02-11"}, {"rating": 4, "date": "2009-02-11"}, {"rating": 4, "date": "2009-02-12"}, {"rating": 5, "date": "2009-02-12"}, {"rating": 5, "date": "2009-02-12"}, {"rating": 5, "date": "2009-02-12"}, {"rating": 5, "date": "2009-02-12"}, {"rating": 5, "date": "2009-02-12"}, {"rating": 5, "date": "2009-02-12"}, {"rating": 5, "date": "2009-02-13"}, {"rating": 5, "date": "2009-02-13"}, {"rating": 5, "date": "2009-02-13"}, {"rating": 4, "date": "2009-02-13"}, {"rating": 4, "date": "2009-02-13"}, {"rating": 4, "date": "2009-02-13"}, {"rating": 5, "date": "2009-02-13"}, {"rating": 4, "date": "2009-02-13"}, {"rating": 3, "date": "2009-02-13"}, {"rating": 4, "date": "2009-02-14"}, {"rating": 5, "date": "2009-02-14"}, {"rating": 4, "date": "2009-02-14"}, {"rating": 5, "date": "2009-02-14"}, {"rating": 5, "date": "2009-02-14"}, {"rating": 5, "date": "2009-02-14"}, {"rating": 4, "date": "2009-02-14"}, {"rating": 5, "date": "2009-02-14"}, {"rating": 5, "date": "2009-02-14"}, {"rating": 5, "date": "2009-02-14"}, {"rating": 5, "date": "2009-02-14"}, {"rating": 4, "date": "2009-02-14"}, {"rating": 4, "date": "2009-02-14"}, {"rating": 5, "date": "2009-02-14"}, {"rating": 5, "date": "2009-02-14"}, {"rating": 5, "date": "2009-02-14"}, {"rating": 5, "date": "2009-02-14"}, {"rating": 5, "date": "2009-02-14"}, {"rating": 5, "date": "2009-02-14"}, {"rating": 4, "date": "2009-02-14"}, {"rating": 2, "date": "2009-02-14"}, {"rating": 4, "date": "2009-02-14"}, {"rating": 5, "date": "2009-02-14"}, {"rating": 4, "date": "2009-02-14"}, {"rating": 5, "date": "2009-02-15"}, {"rating": 4, "date": "2009-02-15"}, {"rating": 5, "date": "2009-02-15"}, {"rating": 2, "date": "2009-02-15"}, {"rating": 5, "date": "2009-02-15"}, {"rating": 5, "date": "2009-02-15"}, {"rating": 5, "date": "2009-02-15"}, {"rating": 5, "date": "2009-02-15"}, {"rating": 4, "date": "2009-02-15"}, {"rating": 5, "date": "2009-02-15"}, {"rating": 5, "date": "2009-02-15"}, {"rating": 4, "date": "2009-02-15"}, {"rating": 3, "date": "2009-02-16"}, {"rating": 5, "date": "2009-02-16"}, {"rating": 5, "date": "2009-02-16"}, {"rating": 4, "date": "2009-02-16"}, {"rating": 3, "date": "2009-02-16"}, {"rating": 5, "date": "2009-02-16"}, {"rating": 4, "date": "2009-02-16"}, {"rating": 2, "date": "2009-02-16"}, {"rating": 4, "date": "2009-02-16"}, {"rating": 5, "date": "2009-02-16"}, {"rating": 5, "date": "2009-02-16"}, {"rating": 4, "date": "2009-02-16"}, {"rating": 5, "date": "2009-02-16"}, {"rating": 5, "date": "2009-02-16"}, {"rating": 5, "date": "2009-02-16"}, {"rating": 5, "date": "2009-02-16"}, {"rating": 5, "date": "2009-02-16"}, {"rating": 4, "date": "2009-02-16"}, {"rating": 5, "date": "2009-02-16"}, {"rating": 5, "date": "2009-02-16"}, {"rating": 4, "date": "2009-02-16"}, {"rating": 5, "date": "2009-02-17"}, {"rating": 5, "date": "2009-02-17"}, {"rating": 5, "date": "2009-02-17"}, {"rating": 5, "date": "2009-02-17"}, {"rating": 4, "date": "2009-02-17"}, {"rating": 5, "date": "2009-02-17"}, {"rating": 5, "date": "2009-02-17"}, {"rating": 5, "date": "2009-02-17"}, {"rating": 4, "date": "2009-02-17"}, {"rating": 5, "date": "2009-02-17"}, {"rating": 5, "date": "2009-02-17"}, {"rating": 5, "date": "2009-02-17"}, {"rating": 5, "date": "2009-02-17"}, {"rating": 4, "date": "2009-02-17"}, {"rating": 5, "date": "2009-02-17"}, {"rating": 3, "date": "2009-02-17"}, {"rating": 4, "date": "2009-02-17"}, {"rating": 3, "date": "2009-02-17"}, {"rating": 4, "date": "2009-02-18"}, {"rating": 5, "date": "2009-02-18"}, {"rating": 4, "date": "2009-02-18"}, {"rating": 5, "date": "2009-02-18"}, {"rating": 4, "date": "2009-02-18"}, {"rating": 4, "date": "2009-02-18"}, {"rating": 5, "date": "2009-02-18"}, {"rating": 4, "date": "2009-02-18"}, {"rating": 5, "date": "2009-02-18"}, {"rating": 4, "date": "2009-02-18"}, {"rating": 4, "date": "2009-02-18"}, {"rating": 5, "date": "2009-02-18"}, {"rating": 5, "date": "2009-02-18"}, {"rating": 5, "date": "2009-02-19"}, {"rating": 5, "date": "2009-02-19"}, {"rating": 3, "date": "2009-02-19"}, {"rating": 3, "date": "2009-02-19"}, {"rating": 5, "date": "2009-02-19"}, {"rating": 5, "date": "2009-02-19"}, {"rating": 5, "date": "2009-02-19"}, {"rating": 4, "date": "2009-02-19"}, {"rating": 5, "date": "2009-02-19"}, {"rating": 5, "date": "2009-02-19"}, {"rating": 4, "date": "2009-02-19"}, {"rating": 4, "date": "2009-02-19"}, {"rating": 4, "date": "2009-02-19"}, {"rating": 4, "date": "2009-02-19"}, {"rating": 5, "date": "2009-02-19"}, {"rating": 5, "date": "2009-02-20"}, {"rating": 5, "date": "2009-02-20"}, {"rating": 5, "date": "2009-02-20"}, {"rating": 4, "date": "2009-02-20"}, {"rating": 3, "date": "2009-02-20"}, {"rating": 5, "date": "2009-02-20"}, {"rating": 5, "date": "2009-02-20"}, {"rating": 5, "date": "2009-02-20"}, {"rating": 4, "date": "2009-02-20"}, {"rating": 5, "date": "2009-02-20"}, {"rating": 3, "date": "2009-02-20"}, {"rating": 5, "date": "2009-02-21"}, {"rating": 5, "date": "2009-02-21"}, {"rating": 5, "date": "2009-02-21"}, {"rating": 5, "date": "2009-02-21"}, {"rating": 4, "date": "2009-02-21"}, {"rating": 5, "date": "2009-02-21"}, {"rating": 5, "date": "2009-02-21"}, {"rating": 4, "date": "2009-02-21"}, {"rating": 5, "date": "2009-02-21"}, {"rating": 5, "date": "2009-02-21"}, {"rating": 4, "date": "2009-02-21"}, {"rating": 5, "date": "2009-02-22"}, {"rating": 4, "date": "2009-02-22"}, {"rating": 5, "date": "2009-02-22"}, {"rating": 5, "date": "2009-02-22"}, {"rating": 5, "date": "2009-02-22"}, {"rating": 5, "date": "2009-02-22"}, {"rating": 5, "date": "2009-02-22"}, {"rating": 3, "date": "2009-02-22"}]}, {"url": "https://www.goodreads.com/book/show/15783514-the-ocean-at-the-end-of-the-lane?from_choice=true", "name": "The Ocean at the End of the Lane", "author": ["Neil Gaiman"], "average_rating": 4.0, "reviews": [{"rating": 5, "date": "2002-05-14"}, {"rating": 5, "date": "2012-08-02"}, {"rating": 5, "date": "2012-08-02"}, {"rating": 4, "date": "2012-08-02"}, {"rating": 3, "date": "2012-08-03"}, {"rating": 5, "date": "2012-08-03"}, {"rating": 3, "date": "2012-08-03"}, {"rating": 5, "date": "2012-08-03"}, {"rating": 4, "date": "2012-08-03"}, {"rating": 5, "date": "2012-08-03"}, {"rating": 5, "date": "2012-08-03"}, {"rating": 5, "date": "2012-08-03"}, {"rating": 5, "date": "2012-08-03"}, {"rating": 5, "date": "2012-08-03"}, {"rating": 5, "date": "2012-08-03"}, {"rating": 4, "date": "2012-08-04"}, {"rating": 5, "date": "2012-08-04"}, {"rating": 5, "date": "2012-08-04"}, {"rating": 4, "date": "2012-08-04"}, {"rating": 1, "date": "2012-08-04"}, {"rating": 4, "date": "2012-08-05"}, {"rating": 5, "date": "2012-08-05"}, {"rating": 5, "date": "2012-08-05"}, {"rating": 4, "date": "2012-08-06"}, {"rating": 5, "date": "2012-08-07"}, {"rating": 5, "date": "2012-08-07"}, {"rating": 5, "date": "2012-08-07"}, {"rating": 5, "date": "2012-08-12"}, {"rating": 5, "date": "2012-08-14"}, {"rating": 4, "date": "2012-08-16"}, {"rating": 5, "date": "2012-08-17"}, {"rating": 5, "date": "2012-08-21"}, {"rating": 5, "date": "2012-08-21"}, {"rating": 5, "date": "2012-09-01"}, {"rating": 5, "date": "2012-09-04"}, {"rating": 4, "date": "2012-09-05"}, {"rating": 5, "date": "2012-09-06"}, {"rating": 3, "date": "2012-09-07"}, {"rating": 5, "date": "2012-09-10"}, {"rating": 4, "date": "2012-09-10"}, {"rating": 4, "date": "2012-09-12"}, {"rating": 3, "date": "2012-09-12"}, {"rating": 4, "date": "2012-09-13"}, {"rating": 5, "date": "2012-09-16"}, {"rating": 4, "date": "2012-09-20"}, {"rating": 5, "date": "2012-09-24"}, {"rating": 1, "date": "2012-09-25"}, {"rating": 3, "date": "2012-09-27"}, {"rating": 3, "date": "2012-09-27"}, {"rating": 4, "date": "2012-09-28"}, {"rating": 5, "date": "2012-09-28"}, {"rating": 5, "date": "2012-09-28"}, {"rating": 5, "date": "2012-09-28"}, {"rating": 5, "date": "2012-09-28"}, {"rating": 5, "date": "2012-09-28"}, {"rating": 4, "date": "2012-09-29"}, {"rating": 3, "date": "2012-09-29"}, {"rating": 4, "date": "2012-09-30"}, {"rating": 5, "date": "2012-09-30"}, {"rating": 4, "date": "2012-09-30"}, {"rating": 4, "date": "2012-09-30"}, {"rating": 4, "date": "2012-09-30"}, {"rating": 5, "date": "2012-09-30"}, {"rating": 4, "date": "2012-09-30"}, {"rating": 5, "date": "2012-09-30"}, {"rating": 5, "date": "2012-09-30"}, {"rating": 5, "date": "2012-10-02"}, {"rating": 5, "date": "2012-10-02"}, {"rating": 5, "date": "2012-10-02"}, {"rating": 3, "date": "2012-10-02"}, {"rating": 5, "date": "2012-10-03"}, {"rating": 5, "date": "2012-10-03"}, {"rating": 4, "date": "2012-10-04"}, {"rating": 5, "date": "2012-10-05"}, {"rating": 5, "date": "2012-10-08"}, {"rating": 3, "date": "2012-10-08"}, {"rating": 5, "date": "2012-10-08"}, {"rating": 5, "date": "2012-10-08"}, {"rating": 5, "date": "2012-10-08"}, {"rating": 5, "date": "2012-10-08"}, {"rating": 3, "date": "2012-10-08"}, {"rating": 4, "date": "2012-10-08"}, {"rating": 4, "date": "2012-10-08"}, {"rating": 4, "date": "2012-10-08"}, {"rating": 5, "date": "2012-10-08"}, {"rating": 5, "date": "2012-10-08"}, {"rating": 4, "date": "2012-10-08"}, {"rating": 5, "date": "2012-10-09"}, {"rating": 5, "date": "2012-10-09"}, {"rating": 4, "date": "2012-10-09"}, {"rating": 5, "date": "2012-10-09"}, {"rating": 5, "date": "2012-10-09"}, {"rating": 5, "date": "2012-10-09"}, {"rating": 4, "date": "2012-10-09"}, {"rating": 5, "date": "2012-10-09"}, {"rating": 5, "date": "2012-10-09"}, {"rating": 5, "date": "2012-10-09"}, {"rating": 5, "date": "2012-10-09"}, {"rating": 4, "date": "2012-10-09"}, {"rating": 5, "date": "2012-10-09"}, {"rating": 5, "date": "2012-10-09"}, {"rating": 5, "date": "2012-10-09"}, {"rating": 5, "date": "2012-10-09"}, {"rating": 4, "date": "2012-10-09"}, {"rating": 4, "date": "2012-10-09"}, {"rating": 3, "date": "2012-10-09"}, {"rating": 3, "date": "2012-10-09"}, {"rating": 4, "date": "2012-10-09"}, {"rating": 4, "date": "2012-10-09"}, {"rating": 4, "date": "2012-10-09"}, {"rating": 4, "date": "2012-10-09"}, {"rating": 4, "date": "2012-10-09"}, {"rating": 5, "date": "2012-10-09"}, {"rating": 4, "date": "2012-10-09"}, {"rating": 4, "date": "2012-10-10"}, {"rating": 4, "date": "2012-10-10"}, {"rating": 4, "date": "2012-10-10"}, {"rating": 5, "date": "2012-10-10"}, {"rating": 5, "date": "2012-10-10"}, {"rating": 3, "date": "2012-10-10"}, {"rating": 5, "date": "2012-10-10"}, {"rating": 5, "date": "2012-10-10"}, {"rating": 5, "date": "2012-10-10"}, {"rating": 4, "date": "2012-10-10"}, {"rating": 4, "date": "2012-10-10"}, {"rating": 4, "date": "2012-10-10"}, {"rating": 4, "date": "2012-10-10"}, {"rating": 5, "date": "2012-10-10"}, {"rating": 5, "date": "2012-10-10"}, {"rating": 4, "date": "2012-10-10"}, {"rating": 5, "date": "2012-10-10"}, {"rating": 5, "date": "2012-10-10"}, {"rating": 3, "date": "2012-10-10"}, {"rating": 4, "date": "2012-10-10"}, {"rating": 5, "date": "2012-10-10"}, {"rating": 5, "date": "2012-10-10"}, {"rating": 4, "date": "2012-10-10"}, {"rating": 5, "date": "2012-10-10"}, {"rating": 5, "date": "2012-10-10"}, {"rating": 4, "date": "2012-10-10"}, {"rating": 4, "date": "2012-10-10"}, {"rating": 5, "date": "2012-10-10"}, {"rating": 5, "date": "2012-10-10"}, {"rating": 5, "date": "2012-10-10"}, {"rating": 4, "date": "2012-10-10"}, {"rating": 3, "date": "2012-10-10"}, {"rating": 5, "date": "2012-10-10"}, {"rating": 4, "date": "2012-10-10"}, {"rating": 5, "date": "2012-10-10"}, {"rating": 5, "date": "2012-10-10"}, {"rating": 5, "date": "2012-10-10"}, {"rating": 4, "date": "2012-10-10"}, {"rating": 5, "date": "2012-10-10"}, {"rating": 4, "date": "2012-10-10"}, {"rating": 4, "date": "2012-10-11"}, {"rating": 4, "date": "2012-10-11"}, {"rating": 5, "date": "2012-10-11"}, {"rating": 4, "date": "2012-10-11"}, {"rating": 5, "date": "2012-10-11"}, {"rating": 5, "date": "2012-10-11"}, {"rating": 5, "date": "2012-10-11"}, {"rating": 5, "date": "2012-10-11"}, {"rating": 5, "date": "2012-10-11"}, {"rating": 5, "date": "2012-10-11"}, {"rating": 3, "date": "2012-10-11"}, {"rating": 5, "date": "2012-10-11"}, {"rating": 5, "date": "2012-10-11"}, {"rating": 5, "date": "2012-10-11"}, {"rating": 3, "date": "2012-10-11"}, {"rating": 4, "date": "2012-10-11"}, {"rating": 4, "date": "2012-10-11"}, {"rating": 5, "date": "2012-10-11"}, {"rating": 5, "date": "2012-10-11"}, {"rating": 5, "date": "2012-10-11"}, {"rating": 5, "date": "2012-10-11"}, {"rating": 4, "date": "2012-10-11"}, {"rating": 3, "date": "2012-10-11"}, {"rating": 4, "date": "2012-10-11"}, {"rating": 3, "date": "2012-10-11"}, {"rating": 3, "date": "2012-10-11"}, {"rating": 5, "date": "2012-10-11"}, {"rating": 2, "date": "2012-10-11"}, {"rating": 5, "date": "2012-10-11"}, {"rating": 4, "date": "2012-10-11"}, {"rating": 5, "date": "2012-10-11"}, {"rating": 3, "date": "2012-10-11"}, {"rating": 3, "date": "2012-10-11"}, {"rating": 4, "date": "2012-10-11"}, {"rating": 3, "date": "2012-10-11"}, {"rating": 5, "date": "2012-10-11"}, {"rating": 5, "date": "2012-10-11"}, {"rating": 5, "date": "2012-10-12"}, {"rating": 5, "date": "2012-10-12"}, {"rating": 5, "date": "2012-10-12"}, {"rating": 3, "date": "2012-10-12"}, {"rating": 5, "date": "2012-10-12"}, {"rating": 5, "date": "2012-10-12"}, {"rating": 4, "date": "2012-10-12"}, {"rating": 5, "date": "2012-10-12"}, {"rating": 3, "date": "2012-10-12"}, {"rating": 5, "date": "2012-10-12"}, {"rating": 3, "date": "2012-10-12"}, {"rating": 5, "date": "2012-10-12"}, {"rating": 4, "date": "2012-10-12"}, {"rating": 5, "date": "2012-10-12"}, {"rating": 5, "date": "2012-10-13"}, {"rating": 4, "date": "2012-10-13"}, {"rating": 5, "date": "2012-10-13"}, {"rating": 5, "date": "2012-10-13"}, {"rating": 5, "date": "2012-10-13"}, {"rating": 4, "date": "2012-10-14"}, {"rating": 4, "date": "2012-10-14"}, {"rating": 3, "date": "2012-10-14"}, {"rating": 4, "date": "2012-10-14"}, {"rating": 5, "date": "2012-10-14"}, {"rating": 4, "date": "2012-10-14"}, {"rating": 5, "date": "2012-10-14"}, {"rating": 4, "date": "2012-10-14"}, {"rating": 3, "date": "2012-10-14"}, {"rating": 3, "date": "2012-10-14"}, {"rating": 5, "date": "2012-10-15"}, {"rating": 4, "date": "2012-10-15"}, {"rating": 5, "date": "2012-10-15"}, {"rating": 5, "date": "2012-10-15"}, {"rating": 5, "date": "2012-10-15"}, {"rating": 4, "date": "2012-10-15"}, {"rating": 5, "date": "2012-10-15"}, {"rating": 5, "date": "2012-10-15"}, {"rating": 5, "date": "2012-10-15"}, {"rating": 5, "date": "2012-10-15"}, {"rating": 5, "date": "2012-10-15"}, {"rating": 4, "date": "2012-10-15"}, {"rating": 5, "date": "2012-10-15"}, {"rating": 5, "date": "2012-10-15"}, {"rating": 5, "date": "2012-10-15"}, {"rating": 5, "date": "2012-10-15"}, {"rating": 4, "date": "2012-10-15"}, {"rating": 5, "date": "2012-10-15"}, {"rating": 5, "date": "2012-10-16"}, {"rating": 5, "date": "2012-10-16"}, {"rating": 5, "date": "2012-10-16"}, {"rating": 5, "date": "2012-10-16"}, {"rating": 4, "date": "2012-10-16"}, {"rating": 5, "date": "2012-10-16"}, {"rating": 4, "date": "2012-10-16"}, {"rating": 4, "date": "2012-10-16"}, {"rating": 4, "date": "2012-10-16"}, {"rating": 4, "date": "2012-10-16"}, {"rating": 2, "date": "2012-10-17"}, {"rating": 4, "date": "2012-10-17"}, {"rating": 4, "date": "2012-10-17"}, {"rating": 5, "date": "2012-10-17"}, {"rating": 4, "date": "2012-10-17"}, {"rating": 5, "date": "2012-10-17"}, {"rating": 4, "date": "2012-10-17"}, {"rating": 4, "date": "2012-10-17"}, {"rating": 3, "date": "2012-10-17"}, {"rating": 5, "date": "2012-10-17"}, {"rating": 4, "date": "2012-10-18"}, {"rating": 3, "date": "2012-10-18"}, {"rating": 3, "date": "2012-10-18"}, {"rating": 5, "date": "2012-10-18"}, {"rating": 4, "date": "2012-10-18"}, {"rating": 5, "date": "2012-10-18"}, {"rating": 5, "date": "2012-10-19"}, {"rating": 4, "date": "2012-10-20"}, {"rating": 3, "date": "2012-10-20"}, {"rating": 4, "date": "2012-10-20"}, {"rating": 5, "date": "2012-10-20"}, {"rating": 5, "date": "2012-10-20"}, {"rating": 2, "date": "2012-10-21"}, {"rating": 3, "date": "2012-10-21"}, {"rating": 5, "date": "2012-10-21"}, {"rating": 4, "date": "2012-10-21"}, {"rating": 4, "date": "2012-10-21"}, {"rating": 4, "date": "2012-10-21"}, {"rating": 5, "date": "2012-10-22"}, {"rating": 5, "date": "2012-10-23"}, {"rating": 4, "date": "2012-10-23"}, {"rating": 4, "date": "2012-10-23"}, {"rating": 3, "date": "2012-10-23"}, {"rating": 5, "date": "2012-10-23"}, {"rating": 2, "date": "2012-10-24"}, {"rating": 4, "date": "2012-10-24"}, {"rating": 5, "date": "2012-10-24"}, {"rating": 4, "date": "2012-10-25"}, {"rating": 5, "date": "2012-10-25"}, {"rating": 3, "date": "2012-10-25"}, {"rating": 5, "date": "2012-10-25"}, {"rating": 3, "date": "2012-10-25"}, {"rating": 4, "date": "2012-10-26"}, {"rating": 4, "date": "2012-10-26"}, {"rating": 5, "date": "2012-10-26"}, {"rating": 4, "date": "2012-10-26"}, {"rating": 5, "date": "2012-10-26"}, {"rating": 4, "date": "2012-10-26"}, {"rating": 5, "date": "2012-10-26"}, {"rating": 5, "date": "2012-10-26"}]}, {"url": "https://www.goodreads.com/book/show/18460392-all-the-bright-places?from_choice=true", "name": "All the Bright Places", "author": ["Jennifer Niven"], "average_rating": 4.17, "reviews": [{"rating": 4, "date": "2013-09-06"}, {"rating": 5, "date": "2013-09-06"}, {"rating": 3, "date": "2013-09-17"}, {"rating": 5, "date": "2013-09-23"}, {"rating": 5, "date": "2013-09-27"}, {"rating": 3, "date": "2013-10-02"}, {"rating": 3, "date": "2013-12-15"}, {"rating": 5, "date": "2014-01-14"}, {"rating": 4, "date": "2014-01-14"}, {"rating": 1, "date": "2014-01-16"}, {"rating": 5, "date": "2014-01-26"}, {"rating": 5, "date": "2014-01-26"}, {"rating": 2, "date": "2014-01-26"}, {"rating": 5, "date": "2014-02-04"}, {"rating": 4, "date": "2014-02-07"}, {"rating": 5, "date": "2014-02-09"}, {"rating": 5, "date": "2014-02-10"}, {"rating": 5, "date": "2014-02-17"}, {"rating": 5, "date": "2014-02-22"}, {"rating": 4, "date": "2014-02-22"}, {"rating": 4, "date": "2014-02-22"}, {"rating": 4, "date": "2014-02-22"}, {"rating": 4, "date": "2014-02-28"}, {"rating": 5, "date": "2014-03-07"}, {"rating": 5, "date": "2014-03-07"}, {"rating": 5, "date": "2014-03-09"}, {"rating": 1, "date": "2014-03-11"}, {"rating": 2, "date": "2014-03-12"}, {"rating": 5, "date": "2014-03-12"}, {"rating": 5, "date": "2014-03-13"}, {"rating": 3, "date": "2014-03-13"}, {"rating": 4, "date": "2014-03-17"}, {"rating": 5, "date": "2014-03-18"}, {"rating": 3, "date": "2014-03-30"}, {"rating": 5, "date": "2014-04-03"}, {"rating": 4, "date": "2014-04-06"}, {"rating": 5, "date": "2014-04-07"}, {"rating": 5, "date": "2014-04-11"}, {"rating": 5, "date": "2014-04-13"}, {"rating": 4, "date": "2014-04-14"}, {"rating": 5, "date": "2014-04-24"}, {"rating": 5, "date": "2014-04-24"}, {"rating": 4, "date": "2014-04-24"}, {"rating": 3, "date": "2014-05-08"}, {"rating": 5, "date": "2014-05-11"}, {"rating": 5, "date": "2014-05-29"}, {"rating": 3, "date": "2014-06-02"}, {"rating": 5, "date": "2014-06-03"}, {"rating": 4, "date": "2014-06-06"}, {"rating": 5, "date": "2014-06-09"}, {"rating": 4, "date": "2014-06-09"}, {"rating": 5, "date": "2014-06-10"}, {"rating": 5, "date": "2014-06-10"}, {"rating": 4, "date": "2014-06-11"}, {"rating": 4, "date": "2014-06-11"}, {"rating": 5, "date": "2014-06-11"}, {"rating": 5, "date": "2014-06-11"}, {"rating": 2, "date": "2014-06-12"}, {"rating": 5, "date": "2014-06-13"}, {"rating": 5, "date": "2014-06-13"}, {"rating": 5, "date": "2014-06-14"}, {"rating": 5, "date": "2014-06-15"}, {"rating": 4, "date": "2014-06-17"}, {"rating": 3, "date": "2014-06-18"}, {"rating": 3, "date": "2014-06-18"}, {"rating": 5, "date": "2014-06-20"}, {"rating": 5, "date": "2014-06-22"}, {"rating": 5, "date": "2014-06-26"}, {"rating": 3, "date": "2014-06-28"}, {"rating": 5, "date": "2014-06-29"}, {"rating": 5, "date": "2014-06-29"}, {"rating": 5, "date": "2014-06-30"}, {"rating": 5, "date": "2014-06-30"}, {"rating": 5, "date": "2014-06-30"}, {"rating": 4, "date": "2014-06-30"}, {"rating": 5, "date": "2014-06-30"}, {"rating": 5, "date": "2014-07-01"}, {"rating": 4, "date": "2014-07-01"}, {"rating": 5, "date": "2014-07-01"}, {"rating": 4, "date": "2014-07-01"}, {"rating": 4, "date": "2014-07-02"}, {"rating": 4, "date": "2014-07-02"}, {"rating": 5, "date": "2014-07-02"}, {"rating": 5, "date": "2014-07-02"}, {"rating": 4, "date": "2014-07-02"}, {"rating": 4, "date": "2014-07-02"}, {"rating": 5, "date": "2014-07-02"}, {"rating": 2, "date": "2014-07-03"}, {"rating": 4, "date": "2014-07-03"}, {"rating": 4, "date": "2014-07-03"}, {"rating": 4, "date": "2014-07-03"}, {"rating": 5, "date": "2014-07-05"}, {"rating": 2, "date": "2014-07-07"}, {"rating": 5, "date": "2014-07-07"}, {"rating": 5, "date": "2014-07-07"}, {"rating": 4, "date": "2014-07-07"}, {"rating": 4, "date": "2014-07-08"}, {"rating": 3, "date": "2014-07-08"}, {"rating": 5, "date": "2014-07-08"}, {"rating": 4, "date": "2014-07-09"}, {"rating": 4, "date": "2014-07-10"}, {"rating": 5, "date": "2014-07-10"}, {"rating": 4, "date": "2014-07-10"}, {"rating": 4, "date": "2014-07-11"}, {"rating": 3, "date": "2014-07-12"}, {"rating": 5, "date": "2014-07-13"}, {"rating": 5, "date": "2014-07-13"}, {"rating": 3, "date": "2014-07-13"}, {"rating": 5, "date": "2014-07-15"}, {"rating": 3, "date": "2014-07-16"}, {"rating": 3, "date": "2014-07-16"}, {"rating": 5, "date": "2014-07-17"}, {"rating": 4, "date": "2014-07-17"}, {"rating": 5, "date": "2014-07-18"}, {"rating": 5, "date": "2014-07-20"}, {"rating": 4, "date": "2014-07-20"}, {"rating": 3, "date": "2014-07-20"}, {"rating": 4, "date": "2014-07-21"}, {"rating": 5, "date": "2014-07-23"}, {"rating": 3, "date": "2014-07-25"}, {"rating": 3, "date": "2014-07-25"}, {"rating": 4, "date": "2014-07-27"}, {"rating": 4, "date": "2014-07-28"}, {"rating": 5, "date": "2014-07-29"}, {"rating": 5, "date": "2014-07-29"}, {"rating": 5, "date": "2014-07-29"}, {"rating": 4, "date": "2014-07-30"}, {"rating": 4, "date": "2014-07-30"}, {"rating": 5, "date": "2014-07-31"}, {"rating": 5, "date": "2014-07-31"}, {"rating": 3, "date": "2014-07-31"}, {"rating": 4, "date": "2014-07-31"}, {"rating": 1, "date": "2014-07-31"}, {"rating": 4, "date": "2014-07-31"}, {"rating": 5, "date": "2014-07-31"}, {"rating": 5, "date": "2014-07-31"}, {"rating": 4, "date": "2014-07-31"}, {"rating": 4, "date": "2014-07-31"}, {"rating": 5, "date": "2014-07-31"}, {"rating": 3, "date": "2014-07-31"}, {"rating": 5, "date": "2014-07-31"}, {"rating": 5, "date": "2014-07-31"}, {"rating": 4, "date": "2014-07-31"}, {"rating": 5, "date": "2014-07-31"}, {"rating": 4, "date": "2014-07-31"}, {"rating": 5, "date": "2014-07-31"}, {"rating": 5, "date": "2014-07-31"}, {"rating": 5, "date": "2014-07-31"}, {"rating": 5, "date": "2014-07-31"}, {"rating": 5, "date": "2014-07-31"}, {"rating": 5, "date": "2014-07-31"}, {"rating": 5, "date": "2014-07-31"}, {"rating": 5, "date": "2014-07-31"}, {"rating": 3, "date": "2014-07-31"}, {"rating": 2, "date": "2014-08-01"}, {"rating": 4, "date": "2014-08-01"}, {"rating": 3, "date": "2014-08-01"}, {"rating": 5, "date": "2014-08-01"}, {"rating": 4, "date": "2014-08-01"}, {"rating": 4, "date": "2014-08-01"}, {"rating": 5, "date": "2014-08-01"}, {"rating": 5, "date": "2014-08-01"}, {"rating": 5, "date": "2014-08-01"}, {"rating": 4, "date": "2014-08-01"}, {"rating": 4, "date": "2014-08-01"}, {"rating": 4, "date": "2014-08-01"}, {"rating": 3, "date": "2014-08-01"}, {"rating": 3, "date": "2014-08-01"}, {"rating": 3, "date": "2014-08-01"}, {"rating": 5, "date": "2014-08-01"}, {"rating": 5, "date": "2014-08-01"}, {"rating": 5, "date": "2014-08-01"}, {"rating": 5, "date": "2014-08-01"}, {"rating": 4, "date": "2014-08-01"}, {"rating": 3, "date": "2014-08-01"}, {"rating": 5, "date": "2014-08-01"}, {"rating": 3, "date": "2014-08-01"}, {"rating": 5, "date": "2014-08-01"}, {"rating": 5, "date": "2014-08-01"}, {"rating": 5, "date": "2014-08-01"}, {"rating": 4, "date": "2014-08-01"}, {"rating": 4, "date": "2014-08-01"}, {"rating": 5, "date": "2014-08-01"}, {"rating": 4, "date": "2014-08-01"}, {"rating": 3, "date": "2014-08-01"}, {"rating": 5, "date": "2014-08-01"}, {"rating": 3, "date": "2014-08-01"}, {"rating": 4, "date": "2014-08-01"}, {"rating": 1, "date": "2014-08-01"}, {"rating": 5, "date": "2014-08-01"}, {"rating": 1, "date": "2014-08-01"}, {"rating": 5, "date": "2014-08-01"}, {"rating": 4, "date": "2014-08-01"}, {"rating": 3, "date": "2014-08-02"}, {"rating": 5, "date": "2014-08-02"}, {"rating": 5, "date": "2014-08-02"}, {"rating": 5, "date": "2014-08-02"}, {"rating": 5, "date": "2014-08-02"}, {"rating": 4, "date": "2014-08-02"}, {"rating": 5, "date": "2014-08-02"}, {"rating": 2, "date": "2014-08-02"}, {"rating": 4, "date": "2014-08-02"}, {"rating": 4, "date": "2014-08-02"}, {"rating": 5, "date": "2014-08-02"}, {"rating": 5, "date": "2014-08-02"}, {"rating": 5, "date": "2014-08-02"}, {"rating": 5, "date": "2014-08-03"}, {"rating": 5, "date": "2014-08-03"}, {"rating": 4, "date": "2014-08-03"}, {"rating": 4, "date": "2014-08-03"}, {"rating": 4, "date": "2014-08-03"}, {"rating": 5, "date": "2014-08-03"}, {"rating": 3, "date": "2014-08-04"}, {"rating": 5, "date": "2014-08-04"}, {"rating": 5, "date": "2014-08-04"}, {"rating": 3, "date": "2014-08-04"}, {"rating": 4, "date": "2014-08-04"}, {"rating": 3, "date": "2014-08-04"}, {"rating": 5, "date": "2014-08-04"}, {"rating": 4, "date": "2014-08-04"}, {"rating": 4, "date": "2014-08-04"}, {"rating": 4, "date": "2014-08-04"}, {"rating": 4, "date": "2014-08-04"}, {"rating": 3, "date": "2014-08-04"}, {"rating": 1, "date": "2014-08-04"}, {"rating": 5, "date": "2014-08-04"}, {"rating": 2, "date": "2014-08-04"}, {"rating": 5, "date": "2014-08-04"}, {"rating": 5, "date": "2014-08-05"}, {"rating": 4, "date": "2014-08-05"}, {"rating": 4, "date": "2014-08-05"}, {"rating": 5, "date": "2014-08-05"}, {"rating": 5, "date": "2014-08-05"}, {"rating": 4, "date": "2014-08-05"}, {"rating": 3, "date": "2014-08-05"}, {"rating": 4, "date": "2014-08-06"}, {"rating": 5, "date": "2014-08-06"}, {"rating": 3, "date": "2014-08-06"}, {"rating": 4, "date": "2014-08-07"}, {"rating": 3, "date": "2014-08-07"}, {"rating": 5, "date": "2014-08-07"}, {"rating": 5, "date": "2014-08-07"}, {"rating": 5, "date": "2014-08-07"}, {"rating": 4, "date": "2014-08-08"}, {"rating": 4, "date": "2014-08-08"}, {"rating": 2, "date": "2014-08-08"}, {"rating": 4, "date": "2014-08-09"}, {"rating": 4, "date": "2014-08-10"}, {"rating": 4, "date": "2014-08-10"}, {"rating": 5, "date": "2014-08-10"}, {"rating": 5, "date": "2014-08-10"}, {"rating": 3, "date": "2014-08-10"}, {"rating": 5, "date": "2014-08-11"}, {"rating": 4, "date": "2014-08-11"}, {"rating": 4, "date": "2014-08-12"}, {"rating": 3, "date": "2014-08-12"}, {"rating": 4, "date": "2014-08-12"}, {"rating": 5, "date": "2014-08-12"}, {"rating": 5, "date": "2014-08-12"}, {"rating": 2, "date": "2014-08-12"}, {"rating": 3, "date": "2014-08-12"}, {"rating": 5, "date": "2014-08-12"}, {"rating": 5, "date": "2014-08-12"}, {"rating": 4, "date": "2014-08-12"}, {"rating": 5, "date": "2014-08-13"}, {"rating": 4, "date": "2014-08-13"}, {"rating": 4, "date": "2014-08-13"}, {"rating": 3, "date": "2014-08-13"}, {"rating": 4, "date": "2014-08-13"}, {"rating": 4, "date": "2014-08-13"}, {"rating": 5, "date": "2014-08-13"}, {"rating": 5, "date": "2014-08-14"}, {"rating": 4, "date": "2014-08-14"}, {"rating": 5, "date": "2014-08-14"}, {"rating": 5, "date": "2014-08-14"}, {"rating": 5, "date": "2014-08-15"}, {"rating": 5, "date": "2014-08-15"}, {"rating": 4, "date": "2014-08-15"}, {"rating": 5, "date": "2014-08-16"}, {"rating": 5, "date": "2014-08-16"}, {"rating": 3, "date": "2014-08-16"}, {"rating": 4, "date": "2014-08-16"}, {"rating": 3, "date": "2014-08-16"}, {"rating": 4, "date": "2014-08-16"}, {"rating": 3, "date": "2014-08-17"}, {"rating": 5, "date": "2014-08-17"}, {"rating": 5, "date": "2014-08-17"}, {"rating": 3, "date": "2014-08-17"}, {"rating": 3, "date": "2014-08-17"}, {"rating": 4, "date": "2014-08-17"}, {"rating": 5, "date": "2014-08-17"}]}, {"url": "https://www.goodreads.com/book/show/27276318-it-ends-with-us?from_choice=true", "name": "It Ends with Us", "author": ["Colleen Hoover"], "average_rating": 4.4, "reviews": [{"rating": 5, "date": "2015-01-07"}, {"rating": 5, "date": "2015-01-07"}, {"rating": 4, "date": "2015-01-07"}, {"rating": 5, "date": "2015-01-07"}, {"rating": 5, "date": "2015-01-07"}, {"rating": 5, "date": "2015-01-07"}, {"rating": 4, "date": "2015-01-07"}, {"rating": 5, "date": "2015-01-08"}, {"rating": 5, "date": "2015-01-08"}, {"rating": 5, "date": "2015-01-08"}, {"rating": 5, "date": "2015-01-08"}, {"rating": 5, "date": "2015-01-08"}, {"rating": 3, "date": "2015-01-08"}, {"rating": 4, "date": "2015-01-08"}, {"rating": 4, "date": "2015-01-08"}, {"rating": 5, "date": "2015-01-08"}, {"rating": 4, "date": "2015-01-08"}, {"rating": 4, "date": "2015-01-08"}, {"rating": 5, "date": "2015-01-08"}, {"rating": 4, "date": "2015-01-08"}, {"rating": 5, "date": "2015-01-08"}, {"rating": 5, "date": "2015-01-08"}, {"rating": 5, "date": "2015-01-08"}, {"rating": 5, "date": "2015-01-08"}, {"rating": 4, "date": "2015-01-08"}, {"rating": 5, "date": "2015-01-08"}, {"rating": 5, "date": "2015-01-08"}, {"rating": 5, "date": "2015-01-08"}, {"rating": 4, "date": "2015-01-08"}, {"rating": 4, "date": "2015-01-08"}, {"rating": 5, "date": "2015-01-08"}, {"rating": 5, "date": "2015-01-08"}, {"rating": 5, "date": "2015-01-08"}, {"rating": 5, "date": "2015-01-08"}, {"rating": 5, "date": "2015-01-08"}, {"rating": 5, "date": "2015-01-08"}, {"rating": 4, "date": "2015-01-08"}, {"rating": 5, "date": "2015-01-08"}, {"rating": 5, "date": "2015-01-08"}, {"rating": 5, "date": "2015-01-08"}, {"rating": 5, "date": "2015-01-08"}, {"rating": 5, "date": "2015-01-08"}, {"rating": 5, "date": "2015-01-08"}, {"rating": 5, "date": "2015-01-08"}, {"rating": 5, "date": "2015-01-08"}, {"rating": 5, "date": "2015-01-08"}, {"rating": 5, "date": "2015-01-08"}, {"rating": 5, "date": "2015-01-08"}, {"rating": 5, "date": "2015-01-08"}, {"rating": 5, "date": "2015-01-08"}, {"rating": 5, "date": "2015-01-08"}, {"rating": 5, "date": "2015-01-08"}, {"rating": 5, "date": "2015-01-08"}, {"rating": 4, "date": "2015-01-08"}, {"rating": 5, "date": "2015-01-08"}, {"rating": 5, "date": "2015-01-08"}, {"rating": 5, "date": "2015-01-08"}, {"rating": 5, "date": "2015-01-08"}, {"rating": 5, "date": "2015-01-08"}, {"rating": 5, "date": "2015-01-08"}, {"rating": 5, "date": "2015-01-08"}, {"rating": 5, "date": "2015-01-09"}, {"rating": 5, "date": "2015-01-09"}, {"rating": 5, "date": "2015-01-09"}, {"rating": 4, "date": "2015-01-09"}, {"rating": 5, "date": "2015-01-09"}, {"rating": 5, "date": "2015-01-09"}, {"rating": 5, "date": "2015-01-09"}, {"rating": 5, "date": "2015-01-09"}, {"rating": 5, "date": "2015-01-09"}, {"rating": 5, "date": "2015-01-09"}, {"rating": 5, "date": "2015-01-09"}, {"rating": 5, "date": "2015-01-09"}, {"rating": 5, "date": "2015-01-09"}, {"rating": 3, "date": "2015-01-09"}, {"rating": 5, "date": "2015-01-09"}, {"rating": 5, "date": "2015-01-09"}, {"rating": 5, "date": "2015-01-09"}, {"rating": 3, "date": "2015-01-09"}, {"rating": 3, "date": "2015-01-09"}, {"rating": 5, "date": "2015-01-09"}, {"rating": 3, "date": "2015-01-09"}, {"rating": 5, "date": "2015-01-09"}, {"rating": 5, "date": "2015-01-09"}, {"rating": 5, "date": "2015-01-09"}, {"rating": 5, "date": "2015-01-09"}, {"rating": 5, "date": "2015-01-09"}, {"rating": 5, "date": "2015-01-09"}, {"rating": 5, "date": "2015-01-09"}, {"rating": 4, "date": "2015-01-09"}, {"rating": 5, "date": "2015-01-09"}, {"rating": 5, "date": "2015-01-09"}, {"rating": 5, "date": "2015-01-09"}, {"rating": 5, "date": "2015-01-09"}, {"rating": 5, "date": "2015-01-09"}, {"rating": 5, "date": "2015-01-09"}, {"rating": 5, "date": "2015-01-09"}, {"rating": 5, "date": "2015-01-09"}, {"rating": 5, "date": "2015-01-09"}, {"rating": 5, "date": "2015-01-09"}, {"rating": 5, "date": "2015-01-09"}, {"rating": 5, "date": "2015-01-09"}, {"rating": 5, "date": "2015-01-09"}, {"rating": 4, "date": "2015-01-09"}, {"rating": 5, "date": "2015-01-09"}, {"rating": 5, "date": "2015-01-09"}, {"rating": 5, "date": "2015-01-09"}, {"rating": 5, "date": "2015-01-09"}, {"rating": 5, "date": "2015-01-09"}, {"rating": 5, "date": "2015-01-09"}, {"rating": 5, "date": "2015-01-09"}, {"rating": 5, "date": "2015-01-09"}, {"rating": 5, "date": "2015-01-09"}, {"rating": 4, "date": "2015-01-09"}, {"rating": 4, "date": "2015-01-09"}, {"rating": 5, "date": "2015-01-09"}, {"rating": 5, "date": "2015-01-09"}, {"rating": 4, "date": "2015-01-09"}, {"rating": 5, "date": "2015-01-09"}, {"rating": 5, "date": "2015-01-09"}, {"rating": 5, "date": "2015-01-09"}, {"rating": 5, "date": "2015-01-09"}, {"rating": 5, "date": "2015-01-09"}, {"rating": 5, "date": "2015-01-09"}, {"rating": 5, "date": "2015-01-09"}, {"rating": 5, "date": "2015-01-09"}, {"rating": 4, "date": "2015-01-09"}, {"rating": 5, "date": "2015-01-09"}, {"rating": 5, "date": "2015-01-09"}, {"rating": 5, "date": "2015-01-09"}, {"rating": 5, "date": "2015-01-09"}, {"rating": 5, "date": "2015-01-09"}, {"rating": 5, "date": "2015-01-09"}, {"rating": 5, "date": "2015-01-09"}, {"rating": 5, "date": "2015-01-09"}, {"rating": 4, "date": "2015-01-09"}, {"rating": 5, "date": "2015-01-09"}, {"rating": 5, "date": "2015-01-09"}, {"rating": 5, "date": "2015-01-09"}, {"rating": 5, "date": "2015-01-09"}, {"rating": 5, "date": "2015-01-09"}, {"rating": 5, "date": "2015-01-09"}, {"rating": 5, "date": "2015-01-09"}, {"rating": 5, "date": "2015-01-09"}, {"rating": 5, "date": "2015-01-09"}, {"rating": 4, "date": "2015-01-09"}, {"rating": 5, "date": "2015-01-09"}, {"rating": 5, "date": "2015-01-09"}, {"rating": 5, "date": "2015-01-09"}, {"rating": 5, "date": "2015-01-09"}, {"rating": 5, "date": "2015-01-09"}, {"rating": 4, "date": "2015-01-09"}, {"rating": 5, "date": "2015-01-09"}, {"rating": 3, "date": "2015-01-09"}, {"rating": 5, "date": "2015-01-09"}, {"rating": 4, "date": "2015-01-09"}, {"rating": 5, "date": "2015-01-09"}, {"rating": 5, "date": "2015-01-09"}, {"rating": 5, "date": "2015-01-09"}, {"rating": 5, "date": "2015-01-09"}, {"rating": 5, "date": "2015-01-09"}, {"rating": 5, "date": "2015-01-09"}, {"rating": 5, "date": "2015-01-09"}, {"rating": 5, "date": "2015-01-09"}, {"rating": 4, "date": "2015-01-09"}, {"rating": 5, "date": "2015-01-09"}, {"rating": 5, "date": "2015-01-09"}, {"rating": 5, "date": "2015-01-09"}, {"rating": 4, "date": "2015-01-09"}, {"rating": 5, "date": "2015-01-09"}, {"rating": 5, "date": "2015-01-09"}, {"rating": 5, "date": "2015-01-09"}, {"rating": 5, "date": "2015-01-09"}, {"rating": 5, "date": "2015-01-09"}, {"rating": 5, "date": "2015-01-09"}, {"rating": 5, "date": "2015-01-09"}, {"rating": 4, "date": "2015-01-09"}, {"rating": 5, "date": "2015-01-09"}, {"rating": 5, "date": "2015-01-09"}, {"rating": 5, "date": "2015-01-09"}, {"rating": 3, "date": "2015-01-09"}, {"rating": 4, "date": "2015-01-09"}, {"rating": 5, "date": "2015-01-09"}, {"rating": 5, "date": "2015-01-09"}, {"rating": 5, "date": "2015-01-09"}, {"rating": 5, "date": "2015-01-09"}, {"rating": 5, "date": "2015-01-09"}, {"rating": 4, "date": "2015-01-09"}, {"rating": 5, "date": "2015-01-09"}, {"rating": 5, "date": "2015-01-09"}, {"rating": 5, "date": "2015-01-09"}, {"rating": 5, "date": "2015-01-09"}, {"rating": 3, "date": "2015-01-09"}, {"rating": 5, "date": "2015-01-09"}, {"rating": 5, "date": "2015-01-09"}, {"rating": 5, "date": "2015-01-09"}, {"rating": 5, "date": "2015-01-09"}, {"rating": 5, "date": "2015-01-09"}, {"rating": 5, "date": "2015-01-09"}, {"rating": 4, "date": "2015-01-09"}, {"rating": 5, "date": "2015-01-09"}, {"rating": 5, "date": "2015-01-09"}, {"rating": 5, "date": "2015-01-09"}, {"rating": 4, "date": "2015-01-09"}, {"rating": 4, "date": "2015-01-09"}, {"rating": 5, "date": "2015-01-09"}, {"rating": 5, "date": "2015-01-09"}, {"rating": 5, "date": "2015-01-09"}, {"rating": 5, "date": "2015-01-09"}, {"rating": 5, "date": "2015-01-09"}, {"rating": 4, "date": "2015-01-09"}, {"rating": 5, "date": "2015-01-09"}, {"rating": 5, "date": "2015-01-09"}, {"rating": 5, "date": "2015-01-09"}, {"rating": 5, "date": "2015-01-09"}, {"rating": 5, "date": "2015-01-09"}, {"rating": 5, "date": "2015-01-09"}, {"rating": 5, "date": "2015-01-09"}, {"rating": 5, "date": "2015-01-09"}, {"rating": 4, "date": "2015-01-09"}, {"rating": 5, "date": "2015-01-09"}, {"rating": 5, "date": "2015-01-09"}, {"rating": 4, "date": "2015-01-09"}, {"rating": 5, "date": "2015-01-09"}, {"rating": 4, "date": "2015-01-09"}, {"rating": 4, "date": "2015-01-09"}, {"rating": 5, "date": "2015-01-09"}, {"rating": 5, "date": "2015-01-09"}, {"rating": 5, "date": "2015-01-09"}, {"rating": 4, "date": "2015-01-09"}, {"rating": 5, "date": "2015-01-09"}, {"rating": 4, "date": "2015-01-09"}, {"rating": 5, "date": "2015-01-09"}, {"rating": 5, "date": "2015-01-09"}, {"rating": 5, "date": "2015-01-09"}, {"rating": 5, "date": "2015-01-09"}, {"rating": 5, "date": "2015-01-09"}, {"rating": 5, "date": "2015-01-09"}, {"rating": 4, "date": "2015-01-09"}, {"rating": 4, "date": "2015-01-09"}, {"rating": 5, "date": "2015-01-09"}, {"rating": 5, "date": "2015-01-10"}, {"rating": 5, "date": "2015-01-10"}, {"rating": 5, "date": "2015-01-10"}, {"rating": 2, "date": "2015-01-10"}, {"rating": 5, "date": "2015-01-10"}, {"rating": 4, "date": "2015-01-10"}, {"rating": 5, "date": "2015-01-10"}, {"rating": 5, "date": "2015-01-10"}, {"rating": 4, "date": "2015-01-10"}, {"rating": 5, "date": "2015-01-10"}, {"rating": 4, "date": "2015-01-10"}, {"rating": 4, "date": "2015-01-10"}, {"rating": 5, "date": "2015-01-10"}, {"rating": 5, "date": "2015-01-10"}, {"rating": 4, "date": "2015-01-10"}, {"rating": 5, "date": "2015-01-10"}, {"rating": 3, "date": "2015-01-10"}, {"rating": 5, "date": "2015-01-10"}, {"rating": 4, "date": "2015-01-10"}, {"rating": 5, "date": "2015-01-10"}, {"rating": 4, "date": "2015-01-10"}, {"rating": 5, "date": "2015-01-10"}, {"rating": 3, "date": "2015-01-10"}, {"rating": 5, "date": "2015-01-10"}, {"rating": 5, "date": "2015-01-10"}, {"rating": 5, "date": "2015-01-10"}, {"rating": 5, "date": "2015-01-10"}, {"rating": 5, "date": "2015-01-10"}, {"rating": 5, "date": "2015-01-10"}, {"rating": 5, "date": "2015-01-10"}, {"rating": 5, "date": "2015-01-10"}, {"rating": 4, "date": "2015-01-10"}, {"rating": 4, "date": "2015-01-10"}, {"rating": 5, "date": "2015-01-10"}, {"rating": 5, "date": "2015-01-10"}, {"rating": 5, "date": "2015-01-10"}, {"rating": 4, "date": "2015-01-10"}, {"rating": 5, "date": "2015-01-10"}, {"rating": 5, "date": "2015-01-10"}, {"rating": 5, "date": "2015-01-10"}, {"rating": 5, "date": "2015-01-10"}, {"rating": 5, "date": "2015-01-10"}, {"rating": 5, "date": "2015-01-10"}, {"rating": 5, "date": "2015-01-10"}, {"rating": 5, "date": "2015-01-10"}, {"rating": 5, "date": "2015-01-10"}, {"rating": 5, "date": "2015-01-10"}, {"rating": 5, "date": "2015-01-10"}, {"rating": 5, "date": "2015-01-10"}, {"rating": 4, "date": "2015-01-10"}, {"rating": 5, "date": "2015-01-10"}, {"rating": 4, "date": "2015-01-10"}, {"rating": 4, "date": "2015-01-10"}, {"rating": 2, "date": "2015-01-10"}, {"rating": 5, "date": "2015-01-10"}, {"rating": 4, "date": "2015-01-10"}, {"rating": 5, "date": "2015-01-10"}]}, {"url": "https://www.goodreads.com/book/show/18006496-queen-of-shadows?from_choice=true", "name": "Queen of Shadows", "author": ["Sarah J. Maas"], "average_rating": 4.57, "reviews": [{"rating": 4, "date": "2013-06-02"}, {"rating": 5, "date": "2013-06-02"}, {"rating": 5, "date": "2013-06-03"}, {"rating": 5, "date": "2013-06-03"}, {"rating": 5, "date": "2013-06-03"}, {"rating": 5, "date": "2013-06-03"}, {"rating": 5, "date": "2013-06-03"}, {"rating": 5, "date": "2013-06-03"}, {"rating": 4, "date": "2013-06-04"}, {"rating": 5, "date": "2013-06-04"}, {"rating": 4, "date": "2013-06-04"}, {"rating": 5, "date": "2013-06-04"}, {"rating": 5, "date": "2013-06-04"}, {"rating": 5, "date": "2013-06-04"}, {"rating": 5, "date": "2013-06-04"}, {"rating": 3, "date": "2013-06-04"}, {"rating": 3, "date": "2013-06-05"}, {"rating": 5, "date": "2013-06-06"}, {"rating": 4, "date": "2013-06-06"}, {"rating": 5, "date": "2013-06-06"}, {"rating": 5, "date": "2013-06-06"}, {"rating": 5, "date": "2013-06-06"}, {"rating": 5, "date": "2013-06-07"}, {"rating": 5, "date": "2013-06-07"}, {"rating": 2, "date": "2013-06-07"}, {"rating": 4, "date": "2013-06-07"}, {"rating": 5, "date": "2013-06-07"}, {"rating": 5, "date": "2013-06-07"}, {"rating": 5, "date": "2013-06-07"}, {"rating": 5, "date": "2013-06-08"}, {"rating": 5, "date": "2013-06-08"}, {"rating": 3, "date": "2013-06-08"}, {"rating": 5, "date": "2013-06-08"}, {"rating": 5, "date": "2013-06-08"}, {"rating": 1, "date": "2013-06-09"}, {"rating": 5, "date": "2013-06-09"}, {"rating": 4, "date": "2013-06-09"}, {"rating": 5, "date": "2013-06-09"}, {"rating": 5, "date": "2013-06-09"}, {"rating": 1, "date": "2013-06-09"}, {"rating": 5, "date": "2013-06-09"}, {"rating": 5, "date": "2013-06-10"}, {"rating": 5, "date": "2013-06-10"}, {"rating": 5, "date": "2013-06-10"}, {"rating": 4, "date": "2013-06-10"}, {"rating": 5, "date": "2013-06-11"}, {"rating": 5, "date": "2013-06-11"}, {"rating": 5, "date": "2013-06-11"}, {"rating": 5, "date": "2013-06-12"}, {"rating": 5, "date": "2013-06-12"}, {"rating": 5, "date": "2013-06-12"}, {"rating": 5, "date": "2013-06-13"}, {"rating": 5, "date": "2013-06-13"}, {"rating": 5, "date": "2013-06-14"}, {"rating": 5, "date": "2013-06-14"}, {"rating": 3, "date": "2013-06-14"}, {"rating": 5, "date": "2013-06-14"}, {"rating": 4, "date": "2013-06-15"}, {"rating": 5, "date": "2013-06-16"}, {"rating": 4, "date": "2013-06-16"}, {"rating": 4, "date": "2013-06-16"}, {"rating": 5, "date": "2013-06-17"}, {"rating": 5, "date": "2013-06-17"}, {"rating": 5, "date": "2013-06-17"}, {"rating": 4, "date": "2013-06-17"}, {"rating": 5, "date": "2013-06-17"}, {"rating": 5, "date": "2013-06-18"}, {"rating": 5, "date": "2013-06-18"}, {"rating": 5, "date": "2013-06-18"}, {"rating": 4, "date": "2013-06-18"}, {"rating": 3, "date": "2013-06-19"}, {"rating": 5, "date": "2013-06-19"}, {"rating": 5, "date": "2013-06-19"}, {"rating": 5, "date": "2013-06-20"}, {"rating": 5, "date": "2013-06-20"}, {"rating": 3, "date": "2013-06-20"}, {"rating": 4, "date": "2013-06-21"}, {"rating": 3, "date": "2013-06-21"}, {"rating": 5, "date": "2013-06-21"}, {"rating": 5, "date": "2013-06-21"}, {"rating": 5, "date": "2013-06-21"}, {"rating": 2, "date": "2013-06-21"}, {"rating": 3, "date": "2013-06-21"}, {"rating": 5, "date": "2013-06-22"}, {"rating": 5, "date": "2013-06-22"}, {"rating": 5, "date": "2013-06-22"}, {"rating": 5, "date": "2013-06-22"}, {"rating": 5, "date": "2013-06-23"}, {"rating": 5, "date": "2013-06-23"}, {"rating": 4, "date": "2013-06-24"}, {"rating": 4, "date": "2013-06-24"}, {"rating": 5, "date": "2013-06-24"}, {"rating": 5, "date": "2013-06-24"}, {"rating": 2, "date": "2013-06-24"}, {"rating": 5, "date": "2013-06-24"}, {"rating": 5, "date": "2013-06-24"}, {"rating": 5, "date": "2013-06-24"}, {"rating": 5, "date": "2013-06-24"}, {"rating": 5, "date": "2013-06-24"}, {"rating": 5, "date": "2013-06-24"}, {"rating": 5, "date": "2013-06-25"}, {"rating": 5, "date": "2013-06-25"}, {"rating": 5, "date": "2013-06-25"}, {"rating": 4, "date": "2013-06-25"}, {"rating": 3, "date": "2013-06-26"}, {"rating": 5, "date": "2013-06-27"}, {"rating": 4, "date": "2013-06-27"}, {"rating": 5, "date": "2013-06-27"}, {"rating": 4, "date": "2013-06-27"}, {"rating": 5, "date": "2013-06-27"}, {"rating": 4, "date": "2013-06-27"}, {"rating": 5, "date": "2013-06-28"}, {"rating": 5, "date": "2013-06-28"}, {"rating": 5, "date": "2013-06-28"}, {"rating": 5, "date": "2013-06-29"}, {"rating": 5, "date": "2013-06-29"}, {"rating": 5, "date": "2013-06-30"}, {"rating": 5, "date": "2013-07-01"}, {"rating": 5, "date": "2013-07-01"}, {"rating": 4, "date": "2013-07-01"}, {"rating": 5, "date": "2013-07-01"}, {"rating": 5, "date": "2013-07-01"}, {"rating": 5, "date": "2013-07-01"}, {"rating": 5, "date": "2013-07-01"}, {"rating": 4, "date": "2013-07-01"}, {"rating": 5, "date": "2013-07-02"}, {"rating": 4, "date": "2013-07-02"}, {"rating": 5, "date": "2013-07-02"}, {"rating": 5, "date": "2013-07-02"}, {"rating": 4, "date": "2013-07-02"}, {"rating": 4, "date": "2013-07-02"}, {"rating": 4, "date": "2013-07-02"}, {"rating": 4, "date": "2013-07-02"}, {"rating": 5, "date": "2013-07-02"}, {"rating": 5, "date": "2013-07-03"}, {"rating": 5, "date": "2013-07-03"}, {"rating": 3, "date": "2013-07-03"}, {"rating": 5, "date": "2013-07-04"}, {"rating": 5, "date": "2013-07-04"}, {"rating": 5, "date": "2013-07-04"}, {"rating": 5, "date": "2013-07-04"}, {"rating": 5, "date": "2013-07-05"}, {"rating": 5, "date": "2013-07-05"}, {"rating": 4, "date": "2013-07-05"}, {"rating": 5, "date": "2013-07-06"}, {"rating": 5, "date": "2013-07-07"}, {"rating": 5, "date": "2013-07-07"}, {"rating": 5, "date": "2013-07-07"}, {"rating": 3, "date": "2013-07-07"}, {"rating": 5, "date": "2013-07-08"}, {"rating": 5, "date": "2013-07-08"}, {"rating": 5, "date": "2013-07-08"}, {"rating": 5, "date": "2013-07-08"}, {"rating": 5, "date": "2013-07-09"}, {"rating": 5, "date": "2013-07-09"}, {"rating": 5, "date": "2013-07-09"}, {"rating": 3, "date": "2013-07-09"}, {"rating": 4, "date": "2013-07-09"}, {"rating": 5, "date": "2013-07-09"}, {"rating": 5, "date": "2013-07-09"}, {"rating": 4, "date": "2013-07-09"}, {"rating": 4, "date": "2013-07-09"}, {"rating": 4, "date": "2013-07-09"}, {"rating": 5, "date": "2013-07-09"}, {"rating": 5, "date": "2013-07-10"}, {"rating": 5, "date": "2013-07-10"}, {"rating": 5, "date": "2013-07-10"}, {"rating": 5, "date": "2013-07-10"}, {"rating": 5, "date": "2013-07-10"}, {"rating": 5, "date": "2013-07-11"}, {"rating": 5, "date": "2013-07-11"}, {"rating": 2, "date": "2013-07-12"}, {"rating": 5, "date": "2013-07-12"}, {"rating": 5, "date": "2013-07-12"}, {"rating": 5, "date": "2013-07-12"}, {"rating": 5, "date": "2013-07-12"}, {"rating": 5, "date": "2013-07-13"}, {"rating": 5, "date": "2013-07-13"}, {"rating": 2, "date": "2013-07-13"}, {"rating": 5, "date": "2013-07-13"}, {"rating": 5, "date": "2013-07-13"}, {"rating": 4, "date": "2013-07-13"}, {"rating": 1, "date": "2013-07-14"}, {"rating": 4, "date": "2013-07-14"}, {"rating": 5, "date": "2013-07-14"}, {"rating": 5, "date": "2013-07-14"}, {"rating": 4, "date": "2013-07-14"}, {"rating": 5, "date": "2013-07-15"}, {"rating": 5, "date": "2013-07-15"}, {"rating": 5, "date": "2013-07-15"}, {"rating": 5, "date": "2013-07-15"}, {"rating": 5, "date": "2013-07-16"}, {"rating": 5, "date": "2013-07-17"}, {"rating": 5, "date": "2013-07-17"}, {"rating": 5, "date": "2013-07-17"}, {"rating": 5, "date": "2013-07-17"}, {"rating": 5, "date": "2013-07-18"}, {"rating": 1, "date": "2013-07-18"}, {"rating": 4, "date": "2013-07-19"}, {"rating": 4, "date": "2013-07-19"}, {"rating": 5, "date": "2013-07-19"}, {"rating": 5, "date": "2013-07-19"}, {"rating": 4, "date": "2013-07-19"}, {"rating": 5, "date": "2013-07-19"}, {"rating": 4, "date": "2013-07-20"}, {"rating": 5, "date": "2013-07-20"}, {"rating": 5, "date": "2013-07-20"}, {"rating": 5, "date": "2013-07-20"}, {"rating": 2, "date": "2013-07-21"}, {"rating": 3, "date": "2013-07-21"}, {"rating": 5, "date": "2013-07-21"}, {"rating": 5, "date": "2013-07-22"}, {"rating": 5, "date": "2013-07-22"}, {"rating": 4, "date": "2013-07-22"}, {"rating": 5, "date": "2013-07-22"}, {"rating": 5, "date": "2013-07-22"}, {"rating": 5, "date": "2013-07-22"}, {"rating": 5, "date": "2013-07-22"}, {"rating": 5, "date": "2013-07-23"}, {"rating": 5, "date": "2013-07-23"}, {"rating": 5, "date": "2013-07-23"}, {"rating": 5, "date": "2013-07-23"}, {"rating": 4, "date": "2013-07-24"}, {"rating": 5, "date": "2013-07-24"}, {"rating": 5, "date": "2013-07-24"}, {"rating": 5, "date": "2013-07-25"}, {"rating": 5, "date": "2013-07-25"}, {"rating": 5, "date": "2013-07-26"}, {"rating": 5, "date": "2013-07-27"}, {"rating": 5, "date": "2013-07-27"}, {"rating": 5, "date": "2013-07-27"}, {"rating": 4, "date": "2013-07-27"}, {"rating": 5, "date": "2013-07-27"}, {"rating": 5, "date": "2013-07-28"}, {"rating": 2, "date": "2013-07-28"}, {"rating": 3, "date": "2013-07-28"}, {"rating": 5, "date": "2013-07-28"}, {"rating": 4, "date": "2013-07-28"}, {"rating": 5, "date": "2013-07-29"}, {"rating": 4, "date": "2013-07-29"}, {"rating": 5, "date": "2013-07-29"}, {"rating": 5, "date": "2013-07-29"}, {"rating": 5, "date": "2013-07-30"}, {"rating": 5, "date": "2013-07-30"}, {"rating": 4, "date": "2013-07-30"}, {"rating": 5, "date": "2013-07-30"}, {"rating": 5, "date": "2013-07-31"}, {"rating": 5, "date": "2013-07-31"}, {"rating": 5, "date": "2013-07-31"}, {"rating": 5, "date": "2013-08-01"}, {"rating": 5, "date": "2013-08-01"}, {"rating": 5, "date": "2013-08-01"}, {"rating": 4, "date": "2013-08-01"}, {"rating": 5, "date": "2013-08-01"}, {"rating": 5, "date": "2013-08-02"}, {"rating": 5, "date": "2013-08-02"}, {"rating": 5, "date": "2013-08-03"}, {"rating": 5, "date": "2013-08-03"}, {"rating": 5, "date": "2013-08-03"}, {"rating": 5, "date": "2013-08-03"}, {"rating": 5, "date": "2013-08-03"}, {"rating": 5, "date": "2013-08-04"}, {"rating": 5, "date": "2013-08-04"}, {"rating": 4, "date": "2013-08-04"}, {"rating": 5, "date": "2013-08-04"}, {"rating": 3, "date": "2013-08-05"}, {"rating": 5, "date": "2013-08-05"}, {"rating": 5, "date": "2013-08-05"}, {"rating": 5, "date": "2013-08-05"}, {"rating": 5, "date": "2013-08-05"}, {"rating": 3, "date": "2013-08-05"}, {"rating": 5, "date": "2013-08-06"}, {"rating": 4, "date": "2013-08-06"}, {"rating": 5, "date": "2013-08-06"}, {"rating": 5, "date": "2013-08-06"}, {"rating": 3, "date": "2013-08-06"}, {"rating": 5, "date": "2013-08-06"}, {"rating": 5, "date": "2013-08-07"}, {"rating": 5, "date": "2013-08-07"}, {"rating": 5, "date": "2013-08-07"}, {"rating": 4, "date": "2013-08-07"}, {"rating": 5, "date": "2013-08-07"}, {"rating": 4, "date": "2013-08-07"}, {"rating": 5, "date": "2013-08-07"}, {"rating": 5, "date": "2013-08-07"}, {"rating": 5, "date": "2013-08-07"}, {"rating": 5, "date": "2013-08-07"}, {"rating": 5, "date": "2013-08-08"}, {"rating": 5, "date": "2013-08-08"}, {"rating": 5, "date": "2013-08-08"}, {"rating": 5, "date": "2013-08-08"}, {"rating": 5, "date": "2013-08-10"}, {"rating": 5, "date": "2013-08-10"}, {"rating": 5, "date": "2013-08-10"}, {"rating": 5, "date": "2013-08-10"}, {"rating": 5, "date": "2013-08-10"}, {"rating": 5, "date": "2013-08-10"}, {"rating": 5, "date": "2013-08-11"}]}, {"url": "https://www.goodreads.com/book/show/4667024-the-help?from_choice=true", "name": "The Help", "author": ["Kathryn Stockett"], "average_rating": 4.46, "reviews": [{"rating": 4, "date": "1899-12-30"}, {"rating": 5, "date": "2001-03-14"}, {"rating": 5, "date": "2001-06-10"}, {"rating": 5, "date": "2001-07-10"}, {"rating": 4, "date": "2001-07-11"}, {"rating": 5, "date": "2002-08-11"}, {"rating": 4, "date": "2003-09-10"}, {"rating": 4, "date": "2003-12-12"}, {"rating": 5, "date": "2005-07-12"}, {"rating": 3, "date": "2007-01-12"}, {"rating": 5, "date": "2008-02-11"}, {"rating": 5, "date": "2008-09-15"}, {"rating": 3, "date": "2008-10-09"}, {"rating": 4, "date": "2008-10-24"}, {"rating": 5, "date": "2008-11-02"}, {"rating": 4, "date": "2008-11-11"}, {"rating": 5, "date": "2008-11-12"}, {"rating": 5, "date": "2008-11-16"}, {"rating": 5, "date": "2008-11-17"}, {"rating": 5, "date": "2008-11-19"}, {"rating": 5, "date": "2008-11-24"}, {"rating": 5, "date": "2008-11-28"}, {"rating": 5, "date": "2008-12-01"}, {"rating": 4, "date": "2008-12-03"}, {"rating": 5, "date": "2008-12-03"}, {"rating": 5, "date": "2008-12-04"}, {"rating": 5, "date": "2008-12-07"}, {"rating": 5, "date": "2008-12-08"}, {"rating": 5, "date": "2008-12-08"}, {"rating": 5, "date": "2008-12-10"}, {"rating": 5, "date": "2008-12-13"}, {"rating": 5, "date": "2008-12-13"}, {"rating": 5, "date": "2008-12-13"}, {"rating": 5, "date": "2008-12-13"}, {"rating": 4, "date": "2008-12-14"}, {"rating": 5, "date": "2008-12-14"}, {"rating": 4, "date": "2008-12-15"}, {"rating": 5, "date": "2008-12-15"}, {"rating": 5, "date": "2008-12-15"}, {"rating": 5, "date": "2008-12-15"}, {"rating": 4, "date": "2008-12-16"}, {"rating": 5, "date": "2008-12-17"}, {"rating": 5, "date": "2008-12-21"}, {"rating": 5, "date": "2008-12-22"}, {"rating": 4, "date": "2008-12-22"}, {"rating": 4, "date": "2008-12-23"}, {"rating": 4, "date": "2008-12-30"}, {"rating": 4, "date": "2008-12-30"}, {"rating": 5, "date": "2008-12-30"}, {"rating": 5, "date": "2008-12-31"}, {"rating": 4, "date": "2008-12-31"}, {"rating": 5, "date": "2009-01-02"}, {"rating": 4, "date": "2009-01-03"}, {"rating": 5, "date": "2009-01-04"}, {"rating": 4, "date": "2009-01-05"}, {"rating": 5, "date": "2009-01-07"}, {"rating": 4, "date": "2009-01-07"}, {"rating": 4, "date": "2009-01-07"}, {"rating": 4, "date": "2009-01-08"}, {"rating": 5, "date": "2009-01-09"}, {"rating": 4, "date": "2009-01-09"}, {"rating": 5, "date": "2009-01-09"}, {"rating": 5, "date": "2009-01-10"}, {"rating": 3, "date": "2009-01-10"}, {"rating": 5, "date": "2009-01-11"}, {"rating": 4, "date": "2009-01-11"}, {"rating": 5, "date": "2009-01-12"}, {"rating": 5, "date": "2009-01-12"}, {"rating": 5, "date": "2009-01-13"}, {"rating": 5, "date": "2009-01-13"}, {"rating": 4, "date": "2009-01-13"}, {"rating": 5, "date": "2009-01-13"}, {"rating": 5, "date": "2009-01-13"}, {"rating": 5, "date": "2009-01-14"}, {"rating": 5, "date": "2009-01-14"}, {"rating": 4, "date": "2009-01-14"}, {"rating": 5, "date": "2009-01-14"}, {"rating": 3, "date": "2009-01-14"}, {"rating": 5, "date": "2009-01-15"}, {"rating": 5, "date": "2009-01-16"}, {"rating": 4, "date": "2009-01-16"}, {"rating": 5, "date": "2009-01-16"}, {"rating": 5, "date": "2009-01-16"}, {"rating": 4, "date": "2009-01-16"}, {"rating": 3, "date": "2009-01-18"}, {"rating": 5, "date": "2009-01-18"}, {"rating": 4, "date": "2009-01-19"}, {"rating": 2, "date": "2009-01-20"}, {"rating": 4, "date": "2009-01-20"}, {"rating": 4, "date": "2009-01-23"}, {"rating": 5, "date": "2009-01-24"}, {"rating": 5, "date": "2009-01-27"}, {"rating": 5, "date": "2009-01-29"}, {"rating": 5, "date": "2009-01-29"}, {"rating": 5, "date": "2009-01-31"}, {"rating": 5, "date": "2009-02-01"}, {"rating": 5, "date": "2009-02-01"}, {"rating": 4, "date": "2009-02-01"}, {"rating": 4, "date": "2009-02-02"}, {"rating": 5, "date": "2009-02-03"}, {"rating": 4, "date": "2009-02-03"}, {"rating": 5, "date": "2009-02-03"}, {"rating": 5, "date": "2009-02-03"}, {"rating": 5, "date": "2009-02-03"}, {"rating": 5, "date": "2009-02-04"}, {"rating": 5, "date": "2009-02-04"}, {"rating": 5, "date": "2009-02-04"}, {"rating": 5, "date": "2009-02-04"}, {"rating": 5, "date": "2009-02-05"}, {"rating": 5, "date": "2009-02-05"}, {"rating": 5, "date": "2009-02-05"}, {"rating": 5, "date": "2009-02-05"}, {"rating": 5, "date": "2009-02-06"}, {"rating": 5, "date": "2009-02-07"}, {"rating": 5, "date": "2009-02-07"}, {"rating": 4, "date": "2009-02-07"}, {"rating": 4, "date": "2009-02-08"}, {"rating": 5, "date": "2009-02-08"}, {"rating": 4, "date": "2009-02-08"}, {"rating": 4, "date": "2009-02-08"}, {"rating": 5, "date": "2009-02-08"}, {"rating": 4, "date": "2009-02-08"}, {"rating": 5, "date": "2009-02-09"}, {"rating": 4, "date": "2009-02-09"}, {"rating": 4, "date": "2009-02-09"}, {"rating": 4, "date": "2009-02-09"}, {"rating": 5, "date": "2009-02-09"}, {"rating": 5, "date": "2009-02-09"}, {"rating": 5, "date": "2009-02-09"}, {"rating": 4, "date": "2009-02-10"}, {"rating": 5, "date": "2009-02-10"}, {"rating": 3, "date": "2009-02-10"}, {"rating": 5, "date": "2009-02-10"}, {"rating": 5, "date": "2009-02-10"}, {"rating": 5, "date": "2009-02-10"}, {"rating": 4, "date": "2009-02-10"}, {"rating": 4, "date": "2009-02-10"}, {"rating": 5, "date": "2009-02-11"}, {"rating": 5, "date": "2009-02-11"}, {"rating": 4, "date": "2009-02-11"}, {"rating": 4, "date": "2009-02-11"}, {"rating": 4, "date": "2009-02-11"}, {"rating": 5, "date": "2009-02-11"}, {"rating": 5, "date": "2009-02-11"}, {"rating": 4, "date": "2009-02-11"}, {"rating": 4, "date": "2009-02-12"}, {"rating": 5, "date": "2009-02-12"}, {"rating": 5, "date": "2009-02-12"}, {"rating": 5, "date": "2009-02-12"}, {"rating": 5, "date": "2009-02-12"}, {"rating": 5, "date": "2009-02-12"}, {"rating": 5, "date": "2009-02-12"}, {"rating": 5, "date": "2009-02-13"}, {"rating": 5, "date": "2009-02-13"}, {"rating": 5, "date": "2009-02-13"}, {"rating": 4, "date": "2009-02-13"}, {"rating": 4, "date": "2009-02-13"}, {"rating": 4, "date": "2009-02-13"}, {"rating": 5, "date": "2009-02-13"}, {"rating": 4, "date": "2009-02-13"}, {"rating": 3, "date": "2009-02-13"}, {"rating": 4, "date": "2009-02-14"}, {"rating": 5, "date": "2009-02-14"}, {"rating": 4, "date": "2009-02-14"}, {"rating": 5, "date": "2009-02-14"}, {"rating": 5, "date": "2009-02-14"}, {"rating": 5, "date": "2009-02-14"}, {"rating": 4, "date": "2009-02-14"}, {"rating": 5, "date": "2009-02-14"}, {"rating": 5, "date": "2009-02-14"}, {"rating": 5, "date": "2009-02-14"}, {"rating": 5, "date": "2009-02-14"}, {"rating": 4, "date": "2009-02-14"}, {"rating": 4, "date": "2009-02-14"}, {"rating": 5, "date": "2009-02-14"}, {"rating": 5, "date": "2009-02-14"}, {"rating": 5, "date": "2009-02-14"}, {"rating": 5, "date": "2009-02-14"}, {"rating": 5, "date": "2009-02-14"}, {"rating": 5, "date": "2009-02-14"}, {"rating": 4, "date": "2009-02-14"}, {"rating": 2, "date": "2009-02-14"}, {"rating": 4, "date": "2009-02-14"}, {"rating": 5, "date": "2009-02-14"}, {"rating": 4, "date": "2009-02-14"}, {"rating": 5, "date": "2009-02-15"}, {"rating": 4, "date": "2009-02-15"}, {"rating": 5, "date": "2009-02-15"}, {"rating": 2, "date": "2009-02-15"}, {"rating": 5, "date": "2009-02-15"}, {"rating": 5, "date": "2009-02-15"}, {"rating": 5, "date": "2009-02-15"}, {"rating": 5, "date": "2009-02-15"}, {"rating": 4, "date": "2009-02-15"}, {"rating": 5, "date": "2009-02-15"}, {"rating": 5, "date": "2009-02-15"}, {"rating": 4, "date": "2009-02-15"}, {"rating": 3, "date": "2009-02-16"}, {"rating": 5, "date": "2009-02-16"}, {"rating": 5, "date": "2009-02-16"}, {"rating": 4, "date": "2009-02-16"}, {"rating": 3, "date": "2009-02-16"}, {"rating": 5, "date": "2009-02-16"}, {"rating": 4, "date": "2009-02-16"}, {"rating": 2, "date": "2009-02-16"}, {"rating": 4, "date": "2009-02-16"}, {"rating": 5, "date": "2009-02-16"}, {"rating": 5, "date": "2009-02-16"}, {"rating": 4, "date": "2009-02-16"}, {"rating": 5, "date": "2009-02-16"}, {"rating": 5, "date": "2009-02-16"}, {"rating": 5, "date": "2009-02-16"}, {"rating": 5, "date": "2009-02-16"}, {"rating": 5, "date": "2009-02-16"}, {"rating": 4, "date": "2009-02-16"}, {"rating": 5, "date": "2009-02-16"}, {"rating": 5, "date": "2009-02-16"}, {"rating": 4, "date": "2009-02-16"}, {"rating": 5, "date": "2009-02-17"}, {"rating": 5, "date": "2009-02-17"}, {"rating": 5, "date": "2009-02-17"}, {"rating": 5, "date": "2009-02-17"}, {"rating": 4, "date": "2009-02-17"}, {"rating": 5, "date": "2009-02-17"}, {"rating": 5, "date": "2009-02-17"}, {"rating": 5, "date": "2009-02-17"}, {"rating": 4, "date": "2009-02-17"}, {"rating": 5, "date": "2009-02-17"}, {"rating": 5, "date": "2009-02-17"}, {"rating": 5, "date": "2009-02-17"}, {"rating": 5, "date": "2009-02-17"}, {"rating": 4, "date": "2009-02-17"}, {"rating": 5, "date": "2009-02-17"}, {"rating": 3, "date": "2009-02-17"}, {"rating": 4, "date": "2009-02-17"}, {"rating": 3, "date": "2009-02-17"}, {"rating": 4, "date": "2009-02-18"}, {"rating": 5, "date": "2009-02-18"}, {"rating": 4, "date": "2009-02-18"}, {"rating": 5, "date": "2009-02-18"}, {"rating": 4, "date": "2009-02-18"}, {"rating": 4, "date": "2009-02-18"}, {"rating": 5, "date": "2009-02-18"}, {"rating": 4, "date": "2009-02-18"}, {"rating": 5, "date": "2009-02-18"}, {"rating": 4, "date": "2009-02-18"}, {"rating": 4, "date": "2009-02-18"}, {"rating": 5, "date": "2009-02-18"}, {"rating": 5, "date": "2009-02-18"}, {"rating": 5, "date": "2009-02-19"}, {"rating": 5, "date": "2009-02-19"}, {"rating": 3, "date": "2009-02-19"}, {"rating": 3, "date": "2009-02-19"}, {"rating": 5, "date": "2009-02-19"}, {"rating": 5, "date": "2009-02-19"}, {"rating": 5, "date": "2009-02-19"}, {"rating": 4, "date": "2009-02-19"}, {"rating": 5, "date": "2009-02-19"}, {"rating": 5, "date": "2009-02-19"}, {"rating": 4, "date": "2009-02-19"}, {"rating": 4, "date": "2009-02-19"}, {"rating": 4, "date": "2009-02-19"}, {"rating": 4, "date": "2009-02-19"}, {"rating": 5, "date": "2009-02-19"}, {"rating": 5, "date": "2009-02-20"}, {"rating": 5, "date": "2009-02-20"}, {"rating": 5, "date": "2009-02-20"}, {"rating": 4, "date": "2009-02-20"}, {"rating": 3, "date": "2009-02-20"}, {"rating": 5, "date": "2009-02-20"}, {"rating": 5, "date": "2009-02-20"}, {"rating": 5, "date": "2009-02-20"}, {"rating": 4, "date": "2009-02-20"}, {"rating": 5, "date": "2009-02-20"}, {"rating": 3, "date": "2009-02-20"}, {"rating": 5, "date": "2009-02-21"}, {"rating": 5, "date": "2009-02-21"}, {"rating": 5, "date": "2009-02-21"}, {"rating": 5, "date": "2009-02-21"}, {"rating": 4, "date": "2009-02-21"}, {"rating": 5, "date": "2009-02-21"}, {"rating": 5, "date": "2009-02-21"}, {"rating": 4, "date": "2009-02-21"}, {"rating": 5, "date": "2009-02-21"}, {"rating": 5, "date": "2009-02-21"}, {"rating": 4, "date": "2009-02-21"}, {"rating": 5, "date": "2009-02-22"}, {"rating": 4, "date": "2009-02-22"}, {"rating": 5, "date": "2009-02-22"}, {"rating": 5, "date": "2009-02-22"}, {"rating": 5, "date": "2009-02-22"}, {"rating": 5, "date": "2009-02-22"}, {"rating": 5, "date": "2009-02-22"}, {"rating": 3, "date": "2009-02-22"}]}]