[{"url": "https://www.goodreads.com/book/show/34275212-girls-burn-brighter?from_choice=true", "name": "Girls Burn Brighter", "author": ["Shobha Rao"], "average_rating": 3.78, "reviews": [{"rating": 4, "date": "2017-08-23"}, {"rating": 4, "date": "2017-08-31"}, {"rating": 5, "date": "2017-09-07"}, {"rating": 5, "date": "2017-09-09"}, {"rating": 5, "date": "2017-09-12"}, {"rating": 4, "date": "2017-09-21"}, {"rating": 4, "date": "2017-09-21"}, {"rating": 5, "date": "2017-09-22"}, {"rating": 5, "date": "2017-09-24"}, {"rating": 5, "date": "2017-09-25"}, {"rating": 3, "date": "2017-09-26"}, {"rating": 5, "date": "2017-09-26"}, {"rating": 4, "date": "2017-09-27"}, {"rating": 4, "date": "2017-09-27"}, {"rating": 5, "date": "2017-10-04"}, {"rating": 5, "date": "2017-10-05"}, {"rating": 5, "date": "2017-10-06"}, {"rating": 5, "date": "2017-10-14"}, {"rating": 4, "date": "2017-10-14"}, {"rating": 5, "date": "2017-10-15"}, {"rating": 4, "date": "2017-10-15"}, {"rating": 4, "date": "2017-10-15"}, {"rating": 5, "date": "2017-10-20"}, {"rating": 5, "date": "2017-10-21"}, {"rating": 2, "date": "2017-10-28"}, {"rating": 5, "date": "2017-10-28"}, {"rating": 5, "date": "2017-10-31"}, {"rating": 5, "date": "2017-10-31"}, {"rating": 4, "date": "2017-11-01"}, {"rating": 4, "date": "2017-11-01"}, {"rating": 5, "date": "2017-11-07"}, {"rating": 4, "date": "2017-11-13"}, {"rating": 5, "date": "2017-11-14"}, {"rating": 5, "date": "2017-11-16"}, {"rating": 5, "date": "2017-11-17"}, {"rating": 4, "date": "2017-11-17"}, {"rating": 5, "date": "2017-11-18"}, {"rating": 5, "date": "2017-11-19"}, {"rating": 5, "date": "2017-11-22"}, {"rating": 4, "date": "2017-11-24"}, {"rating": 4, "date": "2017-11-24"}, {"rating": 5, "date": "2017-11-25"}, {"rating": 4, "date": "2017-11-25"}, {"rating": 5, "date": "2017-11-25"}, {"rating": 5, "date": "2017-11-25"}, {"rating": 5, "date": "2017-11-27"}, {"rating": 5, "date": "2017-11-28"}, {"rating": 4, "date": "2017-11-30"}, {"rating": 5, "date": "2017-12-03"}, {"rating": 4, "date": "2017-12-03"}, {"rating": 4, "date": "2017-12-04"}, {"rating": 5, "date": "2017-12-04"}, {"rating": 4, "date": "2017-12-05"}, {"rating": 4, "date": "2017-12-05"}, {"rating": 4, "date": "2017-12-06"}, {"rating": 4, "date": "2017-12-09"}, {"rating": 4, "date": "2017-12-13"}, {"rating": 5, "date": "2017-12-17"}, {"rating": 4, "date": "2017-12-21"}, {"rating": 5, "date": "2017-12-23"}, {"rating": 4, "date": "2017-12-23"}, {"rating": 4, "date": "2017-12-26"}, {"rating": 5, "date": "2017-12-26"}, {"rating": 5, "date": "2017-12-29"}, {"rating": 4, "date": "2017-12-29"}, {"rating": 5, "date": "2017-12-30"}, {"rating": 5, "date": "2018-01-02"}, {"rating": 4, "date": "2018-01-03"}, {"rating": 4, "date": "2018-01-03"}, {"rating": 4, "date": "2018-01-03"}, {"rating": 4, "date": "2018-01-04"}, {"rating": 5, "date": "2018-01-05"}, {"rating": 1, "date": "2018-01-06"}, {"rating": 5, "date": "2018-01-08"}, {"rating": 3, "date": "2018-01-10"}, {"rating": 4, "date": "2018-01-11"}, {"rating": 5, "date": "2018-01-12"}, {"rating": 4, "date": "2018-01-12"}, {"rating": 5, "date": "2018-01-13"}, {"rating": 4, "date": "2018-01-13"}, {"rating": 3, "date": "2018-01-15"}, {"rating": 5, "date": "2018-01-16"}, {"rating": 4, "date": "2018-01-16"}, {"rating": 4, "date": "2018-01-19"}, {"rating": 4, "date": "2018-01-20"}, {"rating": 4, "date": "2018-01-20"}, {"rating": 4, "date": "2018-01-22"}, {"rating": 4, "date": "2018-01-23"}, {"rating": 4, "date": "2018-01-23"}, {"rating": 5, "date": "2018-01-23"}, {"rating": 5, "date": "2018-01-24"}, {"rating": 5, "date": "2018-01-27"}, {"rating": 5, "date": "2018-01-28"}, {"rating": 5, "date": "2018-01-28"}, {"rating": 4, "date": "2018-01-28"}, {"rating": 3, "date": "2018-01-28"}, {"rating": 5, "date": "2018-01-29"}, {"rating": 5, "date": "2018-01-30"}, {"rating": 3, "date": "2018-01-31"}, {"rating": 3, "date": "2018-02-01"}, {"rating": 5, "date": "2018-02-02"}, {"rating": 3, "date": "2018-02-03"}, {"rating": 3, "date": "2018-02-03"}, {"rating": 4, "date": "2018-02-03"}, {"rating": 4, "date": "2018-02-03"}, {"rating": 4, "date": "2018-02-05"}, {"rating": 5, "date": "2018-02-06"}, {"rating": 5, "date": "2018-02-06"}, {"rating": 4, "date": "2018-02-07"}, {"rating": 4, "date": "2018-02-07"}, {"rating": 3, "date": "2018-02-07"}, {"rating": 4, "date": "2018-02-07"}, {"rating": 4, "date": "2018-02-08"}, {"rating": 4, "date": "2018-02-08"}, {"rating": 4, "date": "2018-02-08"}, {"rating": 4, "date": "2018-02-09"}, {"rating": 4, "date": "2018-02-09"}, {"rating": 3, "date": "2018-02-11"}, {"rating": 5, "date": "2018-02-11"}, {"rating": 5, "date": "2018-02-11"}, {"rating": 5, "date": "2018-02-11"}, {"rating": 4, "date": "2018-02-13"}, {"rating": 4, "date": "2018-02-13"}, {"rating": 3, "date": "2018-02-14"}, {"rating": 5, "date": "2018-02-14"}, {"rating": 3, "date": "2018-02-14"}, {"rating": 4, "date": "2018-02-15"}, {"rating": 5, "date": "2018-02-15"}, {"rating": 3, "date": "2018-02-15"}, {"rating": 4, "date": "2018-02-15"}, {"rating": 3, "date": "2018-02-15"}, {"rating": 5, "date": "2018-02-16"}, {"rating": 4, "date": "2018-02-17"}, {"rating": 5, "date": "2018-02-17"}, {"rating": 5, "date": "2018-02-17"}, {"rating": 3, "date": "2018-02-17"}, {"rating": 5, "date": "2018-02-19"}, {"rating": 4, "date": "2018-02-19"}, {"rating": 3, "date": "2018-02-19"}, {"rating": 5, "date": "2018-02-20"}, {"rating": 5, "date": "2018-02-20"}, {"rating": 5, "date": "2018-02-20"}, {"rating": 3, "date": "2018-02-20"}, {"rating": 4, "date": "2018-02-20"}, {"rating": 4, "date": "2018-02-21"}, {"rating": 4, "date": "2018-02-21"}, {"rating": 3, "date": "2018-02-21"}, {"rating": 4, "date": "2018-02-21"}, {"rating": 5, "date": "2018-02-21"}, {"rating": 5, "date": "2018-02-22"}, {"rating": 2, "date": "2018-02-22"}, {"rating": 4, "date": "2018-02-22"}, {"rating": 5, "date": "2018-02-23"}, {"rating": 5, "date": "2018-02-23"}, {"rating": 2, "date": "2018-02-24"}, {"rating": 5, "date": "2018-02-24"}, {"rating": 3, "date": "2018-02-25"}, {"rating": 4, "date": "2018-02-25"}, {"rating": 3, "date": "2018-02-25"}, {"rating": 4, "date": "2018-02-25"}, {"rating": 4, "date": "2018-02-25"}, {"rating": 4, "date": "2018-02-26"}, {"rating": 4, "date": "2018-02-26"}, {"rating": 3, "date": "2018-02-26"}, {"rating": 4, "date": "2018-02-26"}, {"rating": 2, "date": "2018-02-27"}, {"rating": 4, "date": "2018-02-27"}, {"rating": 5, "date": "2018-02-27"}, {"rating": 1, "date": "2018-02-27"}, {"rating": 1, "date": "2018-02-27"}, {"rating": 1, "date": "2018-02-27"}, {"rating": 1, "date": "2018-02-27"}, {"rating": 4, "date": "2018-02-27"}, {"rating": 2, "date": "2018-02-27"}, {"rating": 1, "date": "2018-02-27"}, {"rating": 1, "date": "2018-02-27"}, {"rating": 1, "date": "2018-02-27"}, {"rating": 4, "date": "2018-02-27"}, {"rating": 1, "date": "2018-02-27"}, {"rating": 3, "date": "2018-02-27"}, {"rating": 3, "date": "2018-02-28"}, {"rating": 5, "date": "2018-02-28"}, {"rating": 4, "date": "2018-02-28"}, {"rating": 1, "date": "2018-02-28"}, {"rating": 3, "date": "2018-02-28"}, {"rating": 3, "date": "2018-02-28"}, {"rating": 1, "date": "2018-02-28"}, {"rating": 4, "date": "2018-02-28"}, {"rating": 4, "date": "2018-02-28"}, {"rating": 5, "date": "2018-02-28"}, {"rating": 3, "date": "2018-02-28"}, {"rating": 3, "date": "2018-02-28"}, {"rating": 3, "date": "2018-02-28"}, {"rating": 5, "date": "2018-02-28"}, {"rating": 3, "date": "2018-02-28"}, {"rating": 3, "date": "2018-02-28"}, {"rating": 4, "date": "2018-03-01"}, {"rating": 3, "date": "2018-03-01"}, {"rating": 4, "date": "2018-03-01"}, {"rating": 4, "date": "2018-03-01"}, {"rating": 5, "date": "2018-03-01"}, {"rating": 3, "date": "2018-03-01"}, {"rating": 4, "date": "2018-03-01"}, {"rating": 3, "date": "2018-03-02"}, {"rating": 4, "date": "2018-03-02"}, {"rating": 4, "date": "2018-03-02"}, {"rating": 5, "date": "2018-03-02"}, {"rating": 5, "date": "2018-03-02"}, {"rating": 5, "date": "2018-03-02"}, {"rating": 2, "date": "2018-03-02"}, {"rating": 2, "date": "2018-03-03"}, {"rating": 3, "date": "2018-03-03"}, {"rating": 4, "date": "2018-03-03"}, {"rating": 4, "date": "2018-03-03"}, {"rating": 5, "date": "2018-03-04"}, {"rating": 4, "date": "2018-03-04"}, {"rating": 4, "date": "2018-03-04"}, {"rating": 5, "date": "2018-03-04"}, {"rating": 4, "date": "2018-03-04"}, {"rating": 4, "date": "2018-03-04"}, {"rating": 5, "date": "2018-03-04"}, {"rating": 4, "date": "2018-03-05"}, {"rating": 4, "date": "2018-03-05"}, {"rating": 3, "date": "2018-03-05"}, {"rating": 4, "date": "2018-03-05"}, {"rating": 4, "date": "2018-03-05"}, {"rating": 5, "date": "2018-03-05"}, {"rating": 3, "date": "2018-03-05"}, {"rating": 5, "date": "2018-03-06"}, {"rating": 3, "date": "2018-03-06"}, {"rating": 4, "date": "2018-03-06"}, {"rating": 4, "date": "2018-03-06"}, {"rating": 1, "date": "2018-03-06"}, {"rating": 2, "date": "2018-03-06"}, {"rating": 2, "date": "2018-03-06"}, {"rating": 5, "date": "2018-03-06"}, {"rating": 4, "date": "2018-03-06"}, {"rating": 5, "date": "2018-03-06"}, {"rating": 4, "date": "2018-03-06"}, {"rating": 1, "date": "2018-03-06"}, {"rating": 5, "date": "2018-03-07"}, {"rating": 5, "date": "2018-03-07"}, {"rating": 4, "date": "2018-03-07"}, {"rating": 3, "date": "2018-03-07"}, {"rating": 4, "date": "2018-03-07"}, {"rating": 4, "date": "2018-03-07"}, {"rating": 5, "date": "2018-03-07"}, {"rating": 3, "date": "2018-03-07"}, {"rating": 3, "date": "2018-03-07"}, {"rating": 5, "date": "2018-03-07"}, {"rating": 3, "date": "2018-03-07"}, {"rating": 5, "date": "2018-03-08"}, {"rating": 1, "date": "2018-03-08"}, {"rating": 5, "date": "2018-03-08"}, {"rating": 3, "date": "2018-03-08"}, {"rating": 4, "date": "2018-03-08"}, {"rating": 1, "date": "2018-03-08"}, {"rating": 3, "date": "2018-03-08"}, {"rating": 4, "date": "2018-03-08"}, {"rating": 5, "date": "2018-03-08"}, {"rating": 3, "date": "2018-03-09"}, {"rating": 4, "date": "2018-03-09"}, {"rating": 4, "date": "2018-03-09"}, {"rating": 4, "date": "2018-03-09"}, {"rating": 5, "date": "2018-03-09"}, {"rating": 4, "date": "2018-03-09"}, {"rating": 5, "date": "2018-03-09"}, {"rating": 1, "date": "2018-03-09"}, {"rating": 3, "date": "2018-03-09"}, {"rating": 3, "date": "2018-03-09"}, {"rating": 5, "date": "2018-03-10"}, {"rating": 3, "date": "2018-03-10"}, {"rating": 4, "date": "2018-03-10"}, {"rating": 4, "date": "2018-03-10"}, {"rating": 3, "date": "2018-03-10"}, {"rating": 3, "date": "2018-03-10"}, {"rating": 4, "date": "2018-03-10"}, {"rating": 5, "date": "2018-03-10"}, {"rating": 4, "date": "2018-03-10"}, {"rating": 4, "date": "2018-03-10"}, {"rating": 3, "date": "2018-03-10"}, {"rating": 5, "date": "2018-03-11"}, {"rating": 4, "date": "2018-03-11"}, {"rating": 5, "date": "2018-03-11"}, {"rating": 4, "date": "2018-03-11"}, {"rating": 5, "date": "2018-03-11"}, {"rating": 3, "date": "2018-03-11"}, {"rating": 4, "date": "2018-03-11"}, {"rating": 5, "date": "2018-03-11"}, {"rating": 5, "date": "2018-03-11"}, {"rating": 4, "date": "2018-03-11"}, {"rating": 4, "date": "2018-03-11"}]}, {"url": "https://www.goodreads.com/book/show/36840397-a-place-for-us?from_choice=true", "name": "A Place for Us", "author": ["Fatima Farheen Mirza"], "average_rating": 4.15, "reviews": [{"rating": 5, "date": "2017-06-27"}, {"rating": 5, "date": "2017-07-01"}, {"rating": 5, "date": "2017-10-03"}, {"rating": 5, "date": "2017-10-05"}, {"rating": 5, "date": "2017-11-12"}, {"rating": 4, "date": "2017-11-13"}, {"rating": 3, "date": "2017-12-08"}, {"rating": 5, "date": "2017-12-24"}, {"rating": 4, "date": "2018-01-03"}, {"rating": 5, "date": "2018-01-04"}, {"rating": 5, "date": "2018-01-17"}, {"rating": 5, "date": "2018-01-18"}, {"rating": 1, "date": "2018-01-25"}, {"rating": 5, "date": "2018-01-30"}, {"rating": 5, "date": "2018-02-02"}, {"rating": 5, "date": "2018-02-02"}, {"rating": 5, "date": "2018-02-05"}, {"rating": 5, "date": "2018-02-12"}, {"rating": 2, "date": "2018-02-15"}, {"rating": 5, "date": "2018-02-16"}, {"rating": 5, "date": "2018-02-16"}, {"rating": 5, "date": "2018-02-16"}, {"rating": 5, "date": "2018-02-17"}, {"rating": 5, "date": "2018-02-17"}, {"rating": 4, "date": "2018-02-18"}, {"rating": 5, "date": "2018-02-18"}, {"rating": 4, "date": "2018-02-18"}, {"rating": 5, "date": "2018-02-18"}, {"rating": 5, "date": "2018-02-18"}, {"rating": 5, "date": "2018-02-19"}, {"rating": 5, "date": "2018-02-20"}, {"rating": 5, "date": "2018-02-23"}, {"rating": 4, "date": "2018-02-28"}, {"rating": 5, "date": "2018-02-28"}, {"rating": 5, "date": "2018-03-01"}, {"rating": 5, "date": "2018-03-02"}, {"rating": 4, "date": "2018-03-03"}, {"rating": 5, "date": "2018-03-05"}, {"rating": 5, "date": "2018-03-06"}, {"rating": 5, "date": "2018-03-07"}, {"rating": 5, "date": "2018-03-07"}, {"rating": 4, "date": "2018-03-07"}, {"rating": 5, "date": "2018-03-10"}, {"rating": 4, "date": "2018-03-12"}, {"rating": 4, "date": "2018-03-13"}, {"rating": 3, "date": "2018-03-13"}, {"rating": 5, "date": "2018-03-14"}, {"rating": 4, "date": "2018-03-14"}, {"rating": 5, "date": "2018-03-15"}, {"rating": 5, "date": "2018-03-15"}, {"rating": 5, "date": "2018-03-16"}, {"rating": 4, "date": "2018-03-17"}, {"rating": 5, "date": "2018-03-17"}, {"rating": 5, "date": "2018-03-19"}, {"rating": 5, "date": "2018-03-19"}, {"rating": 5, "date": "2018-03-20"}, {"rating": 5, "date": "2018-03-21"}, {"rating": 4, "date": "2018-03-21"}, {"rating": 5, "date": "2018-03-21"}, {"rating": 1, "date": "2018-03-24"}, {"rating": 3, "date": "2018-03-24"}, {"rating": 5, "date": "2018-03-26"}, {"rating": 4, "date": "2018-03-26"}, {"rating": 5, "date": "2018-03-26"}, {"rating": 4, "date": "2018-03-28"}, {"rating": 5, "date": "2018-03-28"}, {"rating": 4, "date": "2018-03-28"}, {"rating": 3, "date": "2018-03-29"}, {"rating": 4, "date": "2018-03-29"}, {"rating": 5, "date": "2018-03-29"}, {"rating": 5, "date": "2018-03-29"}, {"rating": 3, "date": "2018-03-29"}, {"rating": 4, "date": "2018-03-29"}, {"rating": 4, "date": "2018-03-30"}, {"rating": 2, "date": "2018-03-31"}, {"rating": 5, "date": "2018-04-02"}, {"rating": 5, "date": "2018-04-02"}, {"rating": 5, "date": "2018-04-03"}, {"rating": 4, "date": "2018-04-03"}, {"rating": 5, "date": "2018-04-03"}, {"rating": 5, "date": "2018-04-03"}, {"rating": 5, "date": "2018-04-04"}, {"rating": 5, "date": "2018-04-06"}, {"rating": 5, "date": "2018-04-06"}, {"rating": 5, "date": "2018-04-06"}, {"rating": 5, "date": "2018-04-06"}, {"rating": 5, "date": "2018-04-07"}, {"rating": 5, "date": "2018-04-07"}, {"rating": 4, "date": "2018-04-08"}, {"rating": 5, "date": "2018-04-08"}, {"rating": 5, "date": "2018-04-09"}, {"rating": 5, "date": "2018-04-09"}, {"rating": 5, "date": "2018-04-09"}, {"rating": 4, "date": "2018-04-10"}, {"rating": 3, "date": "2018-04-10"}, {"rating": 5, "date": "2018-04-11"}, {"rating": 5, "date": "2018-04-11"}, {"rating": 2, "date": "2018-04-12"}, {"rating": 5, "date": "2018-04-12"}, {"rating": 2, "date": "2018-04-13"}, {"rating": 5, "date": "2018-04-14"}, {"rating": 5, "date": "2018-04-14"}, {"rating": 5, "date": "2018-04-14"}, {"rating": 4, "date": "2018-04-15"}, {"rating": 5, "date": "2018-04-16"}, {"rating": 4, "date": "2018-04-16"}, {"rating": 4, "date": "2018-04-17"}, {"rating": 5, "date": "2018-04-18"}, {"rating": 4, "date": "2018-04-19"}, {"rating": 4, "date": "2018-04-19"}, {"rating": 5, "date": "2018-04-21"}, {"rating": 5, "date": "2018-04-24"}, {"rating": 5, "date": "2018-04-24"}, {"rating": 3, "date": "2018-04-25"}, {"rating": 5, "date": "2018-04-26"}, {"rating": 5, "date": "2018-04-27"}, {"rating": 5, "date": "2018-04-28"}, {"rating": 5, "date": "2018-04-28"}, {"rating": 5, "date": "2018-04-29"}, {"rating": 4, "date": "2018-04-30"}, {"rating": 4, "date": "2018-04-30"}, {"rating": 5, "date": "2018-04-30"}, {"rating": 5, "date": "2018-05-01"}, {"rating": 4, "date": "2018-05-01"}, {"rating": 3, "date": "2018-05-03"}, {"rating": 5, "date": "2018-05-03"}, {"rating": 5, "date": "2018-05-06"}, {"rating": 4, "date": "2018-05-06"}, {"rating": 5, "date": "2018-05-07"}, {"rating": 5, "date": "2018-05-09"}, {"rating": 4, "date": "2018-05-11"}, {"rating": 4, "date": "2018-05-11"}, {"rating": 4, "date": "2018-05-11"}, {"rating": 5, "date": "2018-05-12"}, {"rating": 5, "date": "2018-05-12"}, {"rating": 5, "date": "2018-05-13"}, {"rating": 1, "date": "2018-05-14"}, {"rating": 4, "date": "2018-05-14"}, {"rating": 4, "date": "2018-05-15"}, {"rating": 5, "date": "2018-05-15"}, {"rating": 4, "date": "2018-05-15"}, {"rating": 5, "date": "2018-05-15"}, {"rating": 5, "date": "2018-05-15"}, {"rating": 5, "date": "2018-05-15"}, {"rating": 5, "date": "2018-05-15"}, {"rating": 5, "date": "2018-05-15"}, {"rating": 5, "date": "2018-05-16"}, {"rating": 4, "date": "2018-05-16"}, {"rating": 5, "date": "2018-05-16"}, {"rating": 5, "date": "2018-05-16"}, {"rating": 5, "date": "2018-05-16"}, {"rating": 4, "date": "2018-05-17"}, {"rating": 5, "date": "2018-05-17"}, {"rating": 5, "date": "2018-05-17"}, {"rating": 5, "date": "2018-05-17"}, {"rating": 1, "date": "2018-05-17"}, {"rating": 5, "date": "2018-05-17"}, {"rating": 4, "date": "2018-05-17"}, {"rating": 5, "date": "2018-05-18"}, {"rating": 4, "date": "2018-05-18"}, {"rating": 1, "date": "2018-05-18"}, {"rating": 2, "date": "2018-05-18"}, {"rating": 5, "date": "2018-05-19"}, {"rating": 4, "date": "2018-05-19"}, {"rating": 4, "date": "2018-05-20"}, {"rating": 5, "date": "2018-05-20"}, {"rating": 5, "date": "2018-05-21"}, {"rating": 5, "date": "2018-05-21"}, {"rating": 5, "date": "2018-05-21"}, {"rating": 5, "date": "2018-05-22"}, {"rating": 5, "date": "2018-05-22"}, {"rating": 4, "date": "2018-05-23"}, {"rating": 3, "date": "2018-05-23"}, {"rating": 2, "date": "2018-05-24"}, {"rating": 5, "date": "2018-05-24"}, {"rating": 4, "date": "2018-05-24"}, {"rating": 3, "date": "2018-05-24"}, {"rating": 5, "date": "2018-05-24"}, {"rating": 5, "date": "2018-05-25"}, {"rating": 4, "date": "2018-05-25"}, {"rating": 5, "date": "2018-05-25"}, {"rating": 5, "date": "2018-05-26"}, {"rating": 5, "date": "2018-05-26"}, {"rating": 4, "date": "2018-05-26"}, {"rating": 5, "date": "2018-05-26"}, {"rating": 5, "date": "2018-05-26"}, {"rating": 5, "date": "2018-05-26"}, {"rating": 4, "date": "2018-05-27"}, {"rating": 4, "date": "2018-05-27"}, {"rating": 4, "date": "2018-05-27"}, {"rating": 4, "date": "2018-05-27"}, {"rating": 5, "date": "2018-05-28"}, {"rating": 3, "date": "2018-05-28"}, {"rating": 5, "date": "2018-05-28"}, {"rating": 5, "date": "2018-05-28"}, {"rating": 3, "date": "2018-05-29"}, {"rating": 4, "date": "2018-05-29"}, {"rating": 5, "date": "2018-05-29"}, {"rating": 5, "date": "2018-05-29"}, {"rating": 1, "date": "2018-05-30"}, {"rating": 4, "date": "2018-05-30"}, {"rating": 4, "date": "2018-05-30"}, {"rating": 1, "date": "2018-05-30"}, {"rating": 1, "date": "2018-05-30"}, {"rating": 2, "date": "2018-05-30"}, {"rating": 3, "date": "2018-05-30"}, {"rating": 4, "date": "2018-05-30"}, {"rating": 2, "date": "2018-05-30"}, {"rating": 5, "date": "2018-05-30"}, {"rating": 4, "date": "2018-05-31"}, {"rating": 5, "date": "2018-05-31"}, {"rating": 3, "date": "2018-05-31"}, {"rating": 5, "date": "2018-05-31"}, {"rating": 2, "date": "2018-06-01"}, {"rating": 5, "date": "2018-06-01"}, {"rating": 4, "date": "2018-06-01"}, {"rating": 3, "date": "2018-06-01"}, {"rating": 4, "date": "2018-06-01"}, {"rating": 5, "date": "2018-06-01"}, {"rating": 5, "date": "2018-06-01"}, {"rating": 5, "date": "2018-06-02"}, {"rating": 2, "date": "2018-06-02"}, {"rating": 2, "date": "2018-06-02"}, {"rating": 4, "date": "2018-06-02"}, {"rating": 2, "date": "2018-06-02"}, {"rating": 4, "date": "2018-06-02"}, {"rating": 1, "date": "2018-06-02"}, {"rating": 3, "date": "2018-06-02"}, {"rating": 5, "date": "2018-06-03"}, {"rating": 5, "date": "2018-06-03"}, {"rating": 5, "date": "2018-06-03"}, {"rating": 5, "date": "2018-06-03"}, {"rating": 5, "date": "2018-06-03"}, {"rating": 5, "date": "2018-06-03"}, {"rating": 1, "date": "2018-06-04"}, {"rating": 4, "date": "2018-06-04"}, {"rating": 2, "date": "2018-06-04"}, {"rating": 5, "date": "2018-06-04"}, {"rating": 5, "date": "2018-06-05"}, {"rating": 1, "date": "2018-06-05"}, {"rating": 5, "date": "2018-06-05"}, {"rating": 3, "date": "2018-06-05"}, {"rating": 5, "date": "2018-06-05"}, {"rating": 4, "date": "2018-06-05"}, {"rating": 5, "date": "2018-06-06"}, {"rating": 4, "date": "2018-06-06"}, {"rating": 5, "date": "2018-06-06"}, {"rating": 4, "date": "2018-06-06"}, {"rating": 4, "date": "2018-06-07"}, {"rating": 3, "date": "2018-06-08"}, {"rating": 4, "date": "2018-06-08"}, {"rating": 5, "date": "2018-06-08"}, {"rating": 5, "date": "2018-06-08"}, {"rating": 1, "date": "2018-06-08"}, {"rating": 2, "date": "2018-06-09"}, {"rating": 4, "date": "2018-06-09"}, {"rating": 1, "date": "2018-06-10"}, {"rating": 5, "date": "2018-06-10"}, {"rating": 5, "date": "2018-06-10"}, {"rating": 4, "date": "2018-06-10"}, {"rating": 4, "date": "2018-06-11"}, {"rating": 4, "date": "2018-06-11"}, {"rating": 5, "date": "2018-06-11"}, {"rating": 5, "date": "2018-06-11"}, {"rating": 3, "date": "2018-06-12"}, {"rating": 5, "date": "2018-06-12"}, {"rating": 4, "date": "2018-06-12"}, {"rating": 2, "date": "2018-06-12"}, {"rating": 5, "date": "2018-06-12"}, {"rating": 4, "date": "2018-06-12"}, {"rating": 5, "date": "2018-06-12"}, {"rating": 4, "date": "2018-06-12"}, {"rating": 5, "date": "2018-06-12"}, {"rating": 1, "date": "2018-06-12"}, {"rating": 4, "date": "2018-06-12"}, {"rating": 3, "date": "2018-06-13"}, {"rating": 3, "date": "2018-06-13"}, {"rating": 5, "date": "2018-06-13"}, {"rating": 4, "date": "2018-06-13"}, {"rating": 5, "date": "2018-06-13"}, {"rating": 3, "date": "2018-06-13"}, {"rating": 5, "date": "2018-06-13"}, {"rating": 3, "date": "2018-06-13"}, {"rating": 4, "date": "2018-06-13"}, {"rating": 4, "date": "2018-06-13"}, {"rating": 5, "date": "2018-06-14"}, {"rating": 4, "date": "2018-06-14"}, {"rating": 2, "date": "2018-06-14"}, {"rating": 5, "date": "2018-06-14"}, {"rating": 5, "date": "2018-06-14"}, {"rating": 4, "date": "2018-06-14"}, {"rating": 4, "date": "2018-06-14"}, {"rating": 1, "date": "2018-06-14"}, {"rating": 3, "date": "2018-06-14"}]}, {"url": "https://www.goodreads.com/book/show/35297106-the-terminal-list?from_choice=true", "name": "The Terminal List", "author": ["Jack Carr"], "average_rating": 4.18, "reviews": [{"rating": 5, "date": "2017-09-25"}, {"rating": 5, "date": "2017-09-29"}, {"rating": 5, "date": "2017-09-29"}, {"rating": 5, "date": "2017-10-06"}, {"rating": 5, "date": "2017-10-15"}, {"rating": 5, "date": "2017-10-30"}, {"rating": 5, "date": "2017-11-05"}, {"rating": 5, "date": "2017-11-09"}, {"rating": 3, "date": "2017-11-19"}, {"rating": 5, "date": "2017-11-28"}, {"rating": 4, "date": "2017-12-10"}, {"rating": 4, "date": "2017-12-19"}, {"rating": 5, "date": "2017-12-20"}, {"rating": 4, "date": "2017-12-21"}, {"rating": 5, "date": "2017-12-22"}, {"rating": 5, "date": "2017-12-24"}, {"rating": 4, "date": "2017-12-28"}, {"rating": 5, "date": "2018-01-01"}, {"rating": 3, "date": "2018-01-06"}, {"rating": 5, "date": "2018-01-10"}, {"rating": 4, "date": "2018-01-28"}, {"rating": 5, "date": "2018-02-04"}, {"rating": 4, "date": "2018-02-09"}, {"rating": 4, "date": "2018-02-09"}, {"rating": 3, "date": "2018-02-19"}, {"rating": 5, "date": "2018-02-26"}, {"rating": 4, "date": "2018-02-28"}, {"rating": 5, "date": "2018-03-02"}, {"rating": 5, "date": "2018-03-04"}, {"rating": 5, "date": "2018-03-06"}, {"rating": 5, "date": "2018-03-06"}, {"rating": 4, "date": "2018-03-06"}, {"rating": 5, "date": "2018-03-06"}, {"rating": 5, "date": "2018-03-06"}, {"rating": 5, "date": "2018-03-07"}, {"rating": 5, "date": "2018-03-07"}, {"rating": 5, "date": "2018-03-08"}, {"rating": 2, "date": "2018-03-08"}, {"rating": 5, "date": "2018-03-08"}, {"rating": 4, "date": "2018-03-08"}, {"rating": 5, "date": "2018-03-08"}, {"rating": 5, "date": "2018-03-08"}, {"rating": 4, "date": "2018-03-09"}, {"rating": 5, "date": "2018-03-09"}, {"rating": 5, "date": "2018-03-09"}, {"rating": 5, "date": "2018-03-09"}, {"rating": 5, "date": "2018-03-09"}, {"rating": 5, "date": "2018-03-09"}, {"rating": 5, "date": "2018-03-09"}, {"rating": 5, "date": "2018-03-10"}, {"rating": 5, "date": "2018-03-10"}, {"rating": 5, "date": "2018-03-10"}, {"rating": 5, "date": "2018-03-10"}, {"rating": 4, "date": "2018-03-10"}, {"rating": 4, "date": "2018-03-10"}, {"rating": 5, "date": "2018-03-10"}, {"rating": 5, "date": "2018-03-10"}, {"rating": 5, "date": "2018-03-10"}, {"rating": 4, "date": "2018-03-10"}, {"rating": 5, "date": "2018-03-10"}, {"rating": 5, "date": "2018-03-11"}, {"rating": 5, "date": "2018-03-11"}, {"rating": 5, "date": "2018-03-11"}, {"rating": 5, "date": "2018-03-11"}, {"rating": 5, "date": "2018-03-11"}, {"rating": 5, "date": "2018-03-11"}, {"rating": 5, "date": "2018-03-11"}, {"rating": 5, "date": "2018-03-11"}, {"rating": 5, "date": "2018-03-12"}, {"rating": 5, "date": "2018-03-12"}, {"rating": 4, "date": "2018-03-12"}, {"rating": 4, "date": "2018-03-12"}, {"rating": 5, "date": "2018-03-12"}, {"rating": 5, "date": "2018-03-12"}, {"rating": 5, "date": "2018-03-12"}, {"rating": 5, "date": "2018-03-12"}, {"rating": 5, "date": "2018-03-12"}, {"rating": 5, "date": "2018-03-12"}, {"rating": 4, "date": "2018-03-12"}, {"rating": 3, "date": "2018-03-12"}, {"rating": 4, "date": "2018-03-13"}, {"rating": 5, "date": "2018-03-13"}, {"rating": 5, "date": "2018-03-13"}, {"rating": 4, "date": "2018-03-13"}, {"rating": 4, "date": "2018-03-13"}, {"rating": 4, "date": "2018-03-13"}, {"rating": 5, "date": "2018-03-13"}, {"rating": 4, "date": "2018-03-13"}, {"rating": 5, "date": "2018-03-13"}, {"rating": 4, "date": "2018-03-13"}, {"rating": 5, "date": "2018-03-14"}, {"rating": 5, "date": "2018-03-14"}, {"rating": 5, "date": "2018-03-14"}, {"rating": 5, "date": "2018-03-14"}, {"rating": 3, "date": "2018-03-14"}, {"rating": 5, "date": "2018-03-14"}, {"rating": 2, "date": "2018-03-14"}, {"rating": 4, "date": "2018-03-14"}, {"rating": 5, "date": "2018-03-15"}, {"rating": 5, "date": "2018-03-15"}, {"rating": 5, "date": "2018-03-15"}, {"rating": 3, "date": "2018-03-15"}, {"rating": 3, "date": "2018-03-15"}, {"rating": 5, "date": "2018-03-16"}, {"rating": 5, "date": "2018-03-16"}, {"rating": 5, "date": "2018-03-16"}, {"rating": 5, "date": "2018-03-16"}, {"rating": 5, "date": "2018-03-16"}, {"rating": 5, "date": "2018-03-16"}, {"rating": 5, "date": "2018-03-16"}, {"rating": 4, "date": "2018-03-16"}, {"rating": 5, "date": "2018-03-16"}, {"rating": 4, "date": "2018-03-16"}, {"rating": 5, "date": "2018-03-16"}, {"rating": 5, "date": "2018-03-16"}, {"rating": 5, "date": "2018-03-16"}, {"rating": 5, "date": "2018-03-16"}, {"rating": 4, "date": "2018-03-16"}, {"rating": 5, "date": "2018-03-17"}, {"rating": 5, "date": "2018-03-17"}, {"rating": 4, "date": "2018-03-17"}, {"rating": 4, "date": "2018-03-17"}, {"rating": 5, "date": "2018-03-17"}, {"rating": 2, "date": "2018-03-17"}, {"rating": 3, "date": "2018-03-18"}, {"rating": 3, "date": "2018-03-18"}, {"rating": 5, "date": "2018-03-18"}, {"rating": 5, "date": "2018-03-18"}, {"rating": 1, "date": "2018-03-18"}, {"rating": 5, "date": "2018-03-18"}, {"rating": 5, "date": "2018-03-18"}, {"rating": 4, "date": "2018-03-19"}, {"rating": 4, "date": "2018-03-19"}, {"rating": 5, "date": "2018-03-19"}, {"rating": 4, "date": "2018-03-19"}, {"rating": 4, "date": "2018-03-19"}, {"rating": 3, "date": "2018-03-19"}, {"rating": 5, "date": "2018-03-19"}, {"rating": 4, "date": "2018-03-19"}, {"rating": 4, "date": "2018-03-19"}, {"rating": 5, "date": "2018-03-19"}, {"rating": 3, "date": "2018-03-19"}, {"rating": 5, "date": "2018-03-20"}, {"rating": 4, "date": "2018-03-20"}, {"rating": 4, "date": "2018-03-20"}, {"rating": 5, "date": "2018-03-20"}, {"rating": 4, "date": "2018-03-20"}, {"rating": 5, "date": "2018-03-20"}, {"rating": 5, "date": "2018-03-20"}, {"rating": 5, "date": "2018-03-20"}, {"rating": 2, "date": "2018-03-20"}, {"rating": 5, "date": "2018-03-21"}, {"rating": 5, "date": "2018-03-21"}, {"rating": 3, "date": "2018-03-21"}, {"rating": 5, "date": "2018-03-21"}, {"rating": 5, "date": "2018-03-21"}, {"rating": 5, "date": "2018-03-21"}, {"rating": 4, "date": "2018-03-21"}, {"rating": 4, "date": "2018-03-21"}, {"rating": 5, "date": "2018-03-21"}, {"rating": 5, "date": "2018-03-21"}, {"rating": 5, "date": "2018-03-21"}, {"rating": 3, "date": "2018-03-21"}, {"rating": 5, "date": "2018-03-21"}, {"rating": 5, "date": "2018-03-21"}, {"rating": 1, "date": "2018-03-21"}, {"rating": 5, "date": "2018-03-21"}, {"rating": 4, "date": "2018-03-21"}, {"rating": 5, "date": "2018-03-22"}, {"rating": 4, "date": "2018-03-22"}, {"rating": 2, "date": "2018-03-22"}, {"rating": 5, "date": "2018-03-22"}, {"rating": 5, "date": "2018-03-22"}, {"rating": 5, "date": "2018-03-22"}, {"rating": 5, "date": "2018-03-22"}, {"rating": 4, "date": "2018-03-22"}, {"rating": 4, "date": "2018-03-23"}, {"rating": 4, "date": "2018-03-23"}, {"rating": 5, "date": "2018-03-23"}, {"rating": 5, "date": "2018-03-23"}, {"rating": 5, "date": "2018-03-23"}, {"rating": 5, "date": "2018-03-23"}, {"rating": 5, "date": "2018-03-23"}, {"rating": 4, "date": "2018-03-23"}, {"rating": 5, "date": "2018-03-23"}, {"rating": 4, "date": "2018-03-23"}, {"rating": 4, "date": "2018-03-23"}, {"rating": 5, "date": "2018-03-23"}, {"rating": 5, "date": "2018-03-24"}, {"rating": 5, "date": "2018-03-24"}, {"rating": 5, "date": "2018-03-24"}, {"rating": 5, "date": "2018-03-24"}, {"rating": 5, "date": "2018-03-24"}, {"rating": 5, "date": "2018-03-24"}, {"rating": 5, "date": "2018-03-24"}, {"rating": 2, "date": "2018-03-24"}, {"rating": 2, "date": "2018-03-24"}, {"rating": 3, "date": "2018-03-25"}, {"rating": 5, "date": "2018-03-25"}, {"rating": 1, "date": "2018-03-25"}, {"rating": 4, "date": "2018-03-25"}, {"rating": 5, "date": "2018-03-25"}, {"rating": 5, "date": "2018-03-25"}, {"rating": 5, "date": "2018-03-25"}, {"rating": 5, "date": "2018-03-25"}, {"rating": 5, "date": "2018-03-25"}, {"rating": 5, "date": "2018-03-25"}, {"rating": 5, "date": "2018-03-25"}, {"rating": 5, "date": "2018-03-25"}, {"rating": 5, "date": "2018-03-25"}, {"rating": 5, "date": "2018-03-25"}, {"rating": 1, "date": "2018-03-25"}, {"rating": 3, "date": "2018-03-25"}, {"rating": 5, "date": "2018-03-25"}, {"rating": 4, "date": "2018-03-25"}, {"rating": 5, "date": "2018-03-25"}, {"rating": 3, "date": "2018-03-25"}, {"rating": 5, "date": "2018-03-25"}, {"rating": 5, "date": "2018-03-25"}, {"rating": 1, "date": "2018-03-26"}, {"rating": 5, "date": "2018-03-26"}, {"rating": 5, "date": "2018-03-26"}, {"rating": 5, "date": "2018-03-26"}, {"rating": 5, "date": "2018-03-27"}, {"rating": 5, "date": "2018-03-27"}, {"rating": 5, "date": "2018-03-27"}, {"rating": 5, "date": "2018-03-27"}, {"rating": 4, "date": "2018-03-27"}, {"rating": 3, "date": "2018-03-27"}, {"rating": 4, "date": "2018-03-27"}, {"rating": 5, "date": "2018-03-27"}, {"rating": 4, "date": "2018-03-27"}, {"rating": 4, "date": "2018-03-27"}, {"rating": 3, "date": "2018-03-27"}, {"rating": 5, "date": "2018-03-27"}, {"rating": 5, "date": "2018-03-27"}, {"rating": 5, "date": "2018-03-27"}, {"rating": 4, "date": "2018-03-27"}, {"rating": 4, "date": "2018-03-27"}, {"rating": 5, "date": "2018-03-27"}, {"rating": 4, "date": "2018-03-27"}, {"rating": 4, "date": "2018-03-27"}, {"rating": 5, "date": "2018-03-27"}, {"rating": 5, "date": "2018-03-27"}, {"rating": 5, "date": "2018-03-28"}, {"rating": 3, "date": "2018-03-28"}, {"rating": 3, "date": "2018-03-28"}, {"rating": 5, "date": "2018-03-28"}, {"rating": 5, "date": "2018-03-28"}, {"rating": 1, "date": "2018-03-28"}, {"rating": 5, "date": "2018-03-28"}, {"rating": 1, "date": "2018-03-28"}, {"rating": 5, "date": "2018-03-28"}, {"rating": 3, "date": "2018-03-28"}, {"rating": 5, "date": "2018-03-28"}, {"rating": 4, "date": "2018-03-28"}, {"rating": 4, "date": "2018-03-28"}, {"rating": 4, "date": "2018-03-29"}, {"rating": 5, "date": "2018-03-29"}, {"rating": 2, "date": "2018-03-29"}, {"rating": 2, "date": "2018-03-29"}, {"rating": 5, "date": "2018-03-29"}, {"rating": 5, "date": "2018-03-29"}, {"rating": 4, "date": "2018-03-29"}, {"rating": 5, "date": "2018-03-29"}, {"rating": 4, "date": "2018-03-29"}, {"rating": 5, "date": "2018-03-29"}, {"rating": 3, "date": "2018-03-29"}, {"rating": 3, "date": "2018-03-30"}, {"rating": 5, "date": "2018-03-30"}, {"rating": 5, "date": "2018-03-30"}, {"rating": 3, "date": "2018-03-30"}, {"rating": 4, "date": "2018-03-30"}, {"rating": 5, "date": "2018-03-30"}, {"rating": 4, "date": "2018-03-30"}, {"rating": 5, "date": "2018-03-30"}, {"rating": 4, "date": "2018-03-30"}, {"rating": 5, "date": "2018-03-30"}, {"rating": 5, "date": "2018-03-30"}, {"rating": 4, "date": "2018-03-30"}, {"rating": 5, "date": "2018-03-30"}, {"rating": 4, "date": "2018-03-30"}, {"rating": 3, "date": "2018-03-30"}, {"rating": 5, "date": "2018-03-31"}, {"rating": 5, "date": "2018-03-31"}, {"rating": 4, "date": "2018-03-31"}, {"rating": 4, "date": "2018-03-31"}, {"rating": 4, "date": "2018-03-31"}, {"rating": 4, "date": "2018-03-31"}, {"rating": 3, "date": "2018-03-31"}, {"rating": 3, "date": "2018-03-31"}, {"rating": 5, "date": "2018-03-31"}, {"rating": 1, "date": "2018-03-31"}, {"rating": 5, "date": "2018-03-31"}, {"rating": 5, "date": "2018-03-31"}, {"rating": 2, "date": "2018-03-31"}, {"rating": 5, "date": "2018-03-31"}, {"rating": 4, "date": "2018-03-31"}, {"rating": 5, "date": "2018-03-31"}]}, {"url": "https://www.goodreads.com/book/show/35604686-the-astonishing-color-of-after?from_choice=true", "name": "The Astonishing Color of After", "author": ["Emily X.R. Pan"], "average_rating": 4.13, "reviews": [{"rating": 4, "date": "2016-07-07"}, {"rating": 5, "date": "2016-07-07"}, {"rating": 5, "date": "2016-08-07"}, {"rating": 5, "date": "2016-10-25"}, {"rating": 5, "date": "2016-12-28"}, {"rating": 5, "date": "2017-02-12"}, {"rating": 4, "date": "2017-07-04"}, {"rating": 5, "date": "2017-07-08"}, {"rating": 4, "date": "2017-07-14"}, {"rating": 4, "date": "2017-07-15"}, {"rating": 5, "date": "2017-08-01"}, {"rating": 5, "date": "2017-08-16"}, {"rating": 4, "date": "2017-08-28"}, {"rating": 4, "date": "2017-09-03"}, {"rating": 5, "date": "2017-09-10"}, {"rating": 5, "date": "2017-09-12"}, {"rating": 3, "date": "2017-09-18"}, {"rating": 5, "date": "2017-09-23"}, {"rating": 4, "date": "2017-09-24"}, {"rating": 4, "date": "2017-09-25"}, {"rating": 3, "date": "2017-10-06"}, {"rating": 5, "date": "2017-10-08"}, {"rating": 5, "date": "2017-10-12"}, {"rating": 5, "date": "2017-10-14"}, {"rating": 5, "date": "2017-10-19"}, {"rating": 5, "date": "2017-10-29"}, {"rating": 5, "date": "2017-10-30"}, {"rating": 5, "date": "2017-10-30"}, {"rating": 5, "date": "2017-10-31"}, {"rating": 4, "date": "2017-10-31"}, {"rating": 4, "date": "2017-11-01"}, {"rating": 4, "date": "2017-11-04"}, {"rating": 5, "date": "2017-11-05"}, {"rating": 5, "date": "2017-11-06"}, {"rating": 5, "date": "2017-11-08"}, {"rating": 5, "date": "2017-11-13"}, {"rating": 5, "date": "2017-11-14"}, {"rating": 5, "date": "2017-11-16"}, {"rating": 4, "date": "2017-11-21"}, {"rating": 5, "date": "2017-11-24"}, {"rating": 5, "date": "2017-11-26"}, {"rating": 4, "date": "2017-11-27"}, {"rating": 5, "date": "2017-11-28"}, {"rating": 4, "date": "2017-11-28"}, {"rating": 5, "date": "2017-11-28"}, {"rating": 5, "date": "2017-12-04"}, {"rating": 5, "date": "2017-12-07"}, {"rating": 5, "date": "2017-12-07"}, {"rating": 5, "date": "2017-12-09"}, {"rating": 3, "date": "2017-12-11"}, {"rating": 5, "date": "2017-12-12"}, {"rating": 5, "date": "2017-12-13"}, {"rating": 5, "date": "2017-12-13"}, {"rating": 4, "date": "2017-12-15"}, {"rating": 5, "date": "2017-12-19"}, {"rating": 5, "date": "2017-12-20"}, {"rating": 4, "date": "2017-12-21"}, {"rating": 5, "date": "2017-12-24"}, {"rating": 5, "date": "2017-12-27"}, {"rating": 5, "date": "2017-12-29"}, {"rating": 5, "date": "2017-12-30"}, {"rating": 5, "date": "2017-12-31"}, {"rating": 5, "date": "2018-01-01"}, {"rating": 5, "date": "2018-01-01"}, {"rating": 4, "date": "2018-01-02"}, {"rating": 4, "date": "2018-01-02"}, {"rating": 3, "date": "2018-01-02"}, {"rating": 4, "date": "2018-01-03"}, {"rating": 5, "date": "2018-01-03"}, {"rating": 4, "date": "2018-01-04"}, {"rating": 5, "date": "2018-01-05"}, {"rating": 5, "date": "2018-01-06"}, {"rating": 5, "date": "2018-01-09"}, {"rating": 5, "date": "2018-01-10"}, {"rating": 5, "date": "2018-01-10"}, {"rating": 4, "date": "2018-01-10"}, {"rating": 4, "date": "2018-01-10"}, {"rating": 5, "date": "2018-01-11"}, {"rating": 5, "date": "2018-01-11"}, {"rating": 4, "date": "2018-01-12"}, {"rating": 4, "date": "2018-01-13"}, {"rating": 5, "date": "2018-01-14"}, {"rating": 4, "date": "2018-01-14"}, {"rating": 5, "date": "2018-01-15"}, {"rating": 5, "date": "2018-01-15"}, {"rating": 4, "date": "2018-01-15"}, {"rating": 3, "date": "2018-01-16"}, {"rating": 5, "date": "2018-01-16"}, {"rating": 5, "date": "2018-01-17"}, {"rating": 3, "date": "2018-01-17"}, {"rating": 4, "date": "2018-01-18"}, {"rating": 5, "date": "2018-01-18"}, {"rating": 5, "date": "2018-01-18"}, {"rating": 2, "date": "2018-01-20"}, {"rating": 5, "date": "2018-01-20"}, {"rating": 3, "date": "2018-01-20"}, {"rating": 5, "date": "2018-01-20"}, {"rating": 5, "date": "2018-01-21"}, {"rating": 5, "date": "2018-01-21"}, {"rating": 3, "date": "2018-01-22"}, {"rating": 4, "date": "2018-01-22"}, {"rating": 5, "date": "2018-01-23"}, {"rating": 5, "date": "2018-01-23"}, {"rating": 5, "date": "2018-01-24"}, {"rating": 4, "date": "2018-01-24"}, {"rating": 5, "date": "2018-01-24"}, {"rating": 4, "date": "2018-01-25"}, {"rating": 4, "date": "2018-01-25"}, {"rating": 4, "date": "2018-01-26"}, {"rating": 5, "date": "2018-01-29"}, {"rating": 4, "date": "2018-01-31"}, {"rating": 4, "date": "2018-02-01"}, {"rating": 5, "date": "2018-02-02"}, {"rating": 5, "date": "2018-02-02"}, {"rating": 4, "date": "2018-02-03"}, {"rating": 5, "date": "2018-02-03"}, {"rating": 5, "date": "2018-02-03"}, {"rating": 5, "date": "2018-02-04"}, {"rating": 5, "date": "2018-02-04"}, {"rating": 5, "date": "2018-02-05"}, {"rating": 3, "date": "2018-02-06"}, {"rating": 5, "date": "2018-02-07"}, {"rating": 5, "date": "2018-02-07"}, {"rating": 5, "date": "2018-02-08"}, {"rating": 5, "date": "2018-02-09"}, {"rating": 4, "date": "2018-02-11"}, {"rating": 4, "date": "2018-02-11"}, {"rating": 4, "date": "2018-02-11"}, {"rating": 5, "date": "2018-02-11"}, {"rating": 4, "date": "2018-02-11"}, {"rating": 5, "date": "2018-02-12"}, {"rating": 4, "date": "2018-02-14"}, {"rating": 4, "date": "2018-02-14"}, {"rating": 5, "date": "2018-02-14"}, {"rating": 4, "date": "2018-02-14"}, {"rating": 4, "date": "2018-02-15"}, {"rating": 5, "date": "2018-02-15"}, {"rating": 3, "date": "2018-02-17"}, {"rating": 5, "date": "2018-02-17"}, {"rating": 4, "date": "2018-02-17"}, {"rating": 5, "date": "2018-02-17"}, {"rating": 5, "date": "2018-02-18"}, {"rating": 4, "date": "2018-02-18"}, {"rating": 3, "date": "2018-02-19"}, {"rating": 2, "date": "2018-02-20"}, {"rating": 4, "date": "2018-02-20"}, {"rating": 5, "date": "2018-02-20"}, {"rating": 4, "date": "2018-02-20"}, {"rating": 3, "date": "2018-02-21"}, {"rating": 5, "date": "2018-02-21"}, {"rating": 4, "date": "2018-02-21"}, {"rating": 4, "date": "2018-02-21"}, {"rating": 4, "date": "2018-02-21"}, {"rating": 5, "date": "2018-02-22"}, {"rating": 2, "date": "2018-02-22"}, {"rating": 4, "date": "2018-02-24"}, {"rating": 5, "date": "2018-02-25"}, {"rating": 3, "date": "2018-02-26"}, {"rating": 3, "date": "2018-02-26"}, {"rating": 1, "date": "2018-02-27"}, {"rating": 3, "date": "2018-02-27"}, {"rating": 4, "date": "2018-02-27"}, {"rating": 3, "date": "2018-02-27"}, {"rating": 5, "date": "2018-02-27"}, {"rating": 5, "date": "2018-02-28"}, {"rating": 5, "date": "2018-03-01"}, {"rating": 5, "date": "2018-03-01"}, {"rating": 2, "date": "2018-03-01"}, {"rating": 4, "date": "2018-03-01"}, {"rating": 3, "date": "2018-03-02"}, {"rating": 5, "date": "2018-03-02"}, {"rating": 4, "date": "2018-03-02"}, {"rating": 5, "date": "2018-03-03"}, {"rating": 5, "date": "2018-03-03"}, {"rating": 4, "date": "2018-03-04"}, {"rating": 1, "date": "2018-03-04"}, {"rating": 4, "date": "2018-03-04"}, {"rating": 4, "date": "2018-03-04"}, {"rating": 3, "date": "2018-03-04"}, {"rating": 4, "date": "2018-03-04"}, {"rating": 3, "date": "2018-03-06"}, {"rating": 5, "date": "2018-03-06"}, {"rating": 5, "date": "2018-03-06"}, {"rating": 4, "date": "2018-03-07"}, {"rating": 5, "date": "2018-03-07"}, {"rating": 4, "date": "2018-03-07"}, {"rating": 4, "date": "2018-03-07"}, {"rating": 4, "date": "2018-03-07"}, {"rating": 5, "date": "2018-03-08"}, {"rating": 5, "date": "2018-03-08"}, {"rating": 5, "date": "2018-03-08"}, {"rating": 5, "date": "2018-03-08"}, {"rating": 5, "date": "2018-03-08"}, {"rating": 4, "date": "2018-03-08"}, {"rating": 3, "date": "2018-03-09"}, {"rating": 5, "date": "2018-03-09"}, {"rating": 4, "date": "2018-03-09"}, {"rating": 4, "date": "2018-03-09"}, {"rating": 4, "date": "2018-03-10"}, {"rating": 4, "date": "2018-03-10"}, {"rating": 5, "date": "2018-03-10"}, {"rating": 3, "date": "2018-03-10"}, {"rating": 5, "date": "2018-03-10"}, {"rating": 4, "date": "2018-03-10"}, {"rating": 4, "date": "2018-03-10"}, {"rating": 5, "date": "2018-03-10"}, {"rating": 4, "date": "2018-03-10"}, {"rating": 5, "date": "2018-03-11"}, {"rating": 3, "date": "2018-03-11"}, {"rating": 5, "date": "2018-03-11"}, {"rating": 3, "date": "2018-03-11"}, {"rating": 5, "date": "2018-03-11"}, {"rating": 5, "date": "2018-03-11"}, {"rating": 5, "date": "2018-03-11"}, {"rating": 4, "date": "2018-03-11"}, {"rating": 4, "date": "2018-03-11"}, {"rating": 3, "date": "2018-03-11"}, {"rating": 4, "date": "2018-03-11"}, {"rating": 4, "date": "2018-03-11"}, {"rating": 3, "date": "2018-03-11"}, {"rating": 5, "date": "2018-03-11"}, {"rating": 5, "date": "2018-03-11"}, {"rating": 5, "date": "2018-03-12"}, {"rating": 5, "date": "2018-03-12"}, {"rating": 5, "date": "2018-03-12"}, {"rating": 4, "date": "2018-03-12"}, {"rating": 4, "date": "2018-03-12"}, {"rating": 5, "date": "2018-03-12"}, {"rating": 5, "date": "2018-03-12"}, {"rating": 5, "date": "2018-03-12"}, {"rating": 4, "date": "2018-03-12"}, {"rating": 4, "date": "2018-03-12"}, {"rating": 5, "date": "2018-03-12"}, {"rating": 3, "date": "2018-03-12"}, {"rating": 3, "date": "2018-03-12"}, {"rating": 4, "date": "2018-03-12"}, {"rating": 4, "date": "2018-03-12"}, {"rating": 4, "date": "2018-03-12"}, {"rating": 4, "date": "2018-03-13"}, {"rating": 4, "date": "2018-03-13"}, {"rating": 1, "date": "2018-03-13"}, {"rating": 4, "date": "2018-03-13"}, {"rating": 4, "date": "2018-03-13"}, {"rating": 5, "date": "2018-03-13"}, {"rating": 4, "date": "2018-03-13"}, {"rating": 5, "date": "2018-03-13"}, {"rating": 4, "date": "2018-03-13"}, {"rating": 3, "date": "2018-03-13"}, {"rating": 4, "date": "2018-03-13"}, {"rating": 5, "date": "2018-03-13"}, {"rating": 4, "date": "2018-03-13"}, {"rating": 5, "date": "2018-03-13"}, {"rating": 3, "date": "2018-03-13"}, {"rating": 5, "date": "2018-03-14"}, {"rating": 5, "date": "2018-03-14"}, {"rating": 5, "date": "2018-03-14"}, {"rating": 4, "date": "2018-03-14"}, {"rating": 4, "date": "2018-03-14"}, {"rating": 3, "date": "2018-03-14"}, {"rating": 3, "date": "2018-03-14"}, {"rating": 5, "date": "2018-03-14"}, {"rating": 4, "date": "2018-03-14"}, {"rating": 4, "date": "2018-03-14"}, {"rating": 5, "date": "2018-03-14"}, {"rating": 3, "date": "2018-03-14"}, {"rating": 4, "date": "2018-03-14"}, {"rating": 3, "date": "2018-03-14"}, {"rating": 4, "date": "2018-03-14"}, {"rating": 4, "date": "2018-03-14"}, {"rating": 4, "date": "2018-03-14"}, {"rating": 4, "date": "2018-03-14"}, {"rating": 4, "date": "2018-03-14"}, {"rating": 4, "date": "2018-03-15"}, {"rating": 1, "date": "2018-03-15"}, {"rating": 4, "date": "2018-03-15"}, {"rating": 5, "date": "2018-03-15"}, {"rating": 3, "date": "2018-03-15"}, {"rating": 4, "date": "2018-03-15"}, {"rating": 5, "date": "2018-03-15"}, {"rating": 5, "date": "2018-03-15"}, {"rating": 5, "date": "2018-03-15"}, {"rating": 3, "date": "2018-03-15"}, {"rating": 4, "date": "2018-03-15"}, {"rating": 4, "date": "2018-03-15"}, {"rating": 3, "date": "2018-03-15"}, {"rating": 5, "date": "2018-03-15"}, {"rating": 5, "date": "2018-03-15"}, {"rating": 4, "date": "2018-03-15"}, {"rating": 5, "date": "2018-03-15"}, {"rating": 4, "date": "2018-03-16"}]}, {"url": "https://www.goodreads.com/book/show/36577586-the-kiss-quotient?from_choice=true", "name": "The Kiss Quotient", "author": ["Helen Hoang"], "average_rating": 3.9, "reviews": [{"rating": 5, "date": "2017-09-07"}, {"rating": 5, "date": "2017-09-20"}, {"rating": 5, "date": "2017-09-20"}, {"rating": 5, "date": "2017-09-24"}, {"rating": 5, "date": "2017-09-26"}, {"rating": 5, "date": "2017-09-27"}, {"rating": 5, "date": "2017-09-28"}, {"rating": 4, "date": "2017-10-07"}, {"rating": 5, "date": "2017-10-09"}, {"rating": 5, "date": "2017-10-20"}, {"rating": 5, "date": "2017-10-22"}, {"rating": 4, "date": "2017-10-22"}, {"rating": 5, "date": "2017-10-22"}, {"rating": 5, "date": "2017-10-24"}, {"rating": 4, "date": "2017-10-25"}, {"rating": 4, "date": "2017-11-12"}, {"rating": 5, "date": "2017-11-29"}, {"rating": 4, "date": "2017-11-30"}, {"rating": 5, "date": "2017-12-01"}, {"rating": 5, "date": "2017-12-01"}, {"rating": 5, "date": "2017-12-02"}, {"rating": 5, "date": "2017-12-20"}, {"rating": 4, "date": "2017-12-27"}, {"rating": 4, "date": "2017-12-28"}, {"rating": 5, "date": "2017-12-31"}, {"rating": 5, "date": "2018-01-06"}, {"rating": 5, "date": "2018-01-08"}, {"rating": 5, "date": "2018-01-10"}, {"rating": 5, "date": "2018-01-19"}, {"rating": 5, "date": "2018-01-19"}, {"rating": 5, "date": "2018-01-28"}, {"rating": 5, "date": "2018-01-30"}, {"rating": 5, "date": "2018-02-05"}, {"rating": 4, "date": "2018-02-05"}, {"rating": 5, "date": "2018-02-05"}, {"rating": 4, "date": "2018-02-06"}, {"rating": 5, "date": "2018-02-13"}, {"rating": 5, "date": "2018-02-14"}, {"rating": 5, "date": "2018-02-17"}, {"rating": 4, "date": "2018-02-19"}, {"rating": 4, "date": "2018-02-22"}, {"rating": 5, "date": "2018-02-23"}, {"rating": 5, "date": "2018-02-24"}, {"rating": 5, "date": "2018-02-24"}, {"rating": 5, "date": "2018-03-01"}, {"rating": 4, "date": "2018-03-01"}, {"rating": 3, "date": "2018-03-01"}, {"rating": 5, "date": "2018-03-01"}, {"rating": 5, "date": "2018-03-02"}, {"rating": 5, "date": "2018-03-02"}, {"rating": 5, "date": "2018-03-02"}, {"rating": 5, "date": "2018-03-04"}, {"rating": 5, "date": "2018-03-05"}, {"rating": 5, "date": "2018-03-09"}, {"rating": 5, "date": "2018-03-09"}, {"rating": 5, "date": "2018-03-10"}, {"rating": 5, "date": "2018-03-10"}, {"rating": 5, "date": "2018-03-11"}, {"rating": 4, "date": "2018-03-12"}, {"rating": 3, "date": "2018-03-12"}, {"rating": 5, "date": "2018-03-13"}, {"rating": 5, "date": "2018-03-13"}, {"rating": 5, "date": "2018-03-14"}, {"rating": 5, "date": "2018-03-17"}, {"rating": 5, "date": "2018-03-17"}, {"rating": 5, "date": "2018-03-17"}, {"rating": 4, "date": "2018-03-18"}, {"rating": 4, "date": "2018-03-18"}, {"rating": 5, "date": "2018-03-18"}, {"rating": 4, "date": "2018-03-19"}, {"rating": 5, "date": "2018-03-19"}, {"rating": 5, "date": "2018-03-19"}, {"rating": 4, "date": "2018-03-20"}, {"rating": 5, "date": "2018-03-20"}, {"rating": 5, "date": "2018-03-20"}, {"rating": 4, "date": "2018-03-21"}, {"rating": 5, "date": "2018-03-21"}, {"rating": 5, "date": "2018-03-22"}, {"rating": 5, "date": "2018-03-23"}, {"rating": 5, "date": "2018-03-23"}, {"rating": 5, "date": "2018-03-24"}, {"rating": 4, "date": "2018-03-24"}, {"rating": 4, "date": "2018-03-26"}, {"rating": 5, "date": "2018-03-27"}, {"rating": 5, "date": "2018-03-27"}, {"rating": 5, "date": "2018-03-28"}, {"rating": 5, "date": "2018-03-28"}, {"rating": 2, "date": "2018-03-30"}, {"rating": 5, "date": "2018-03-30"}, {"rating": 5, "date": "2018-03-31"}, {"rating": 3, "date": "2018-03-31"}, {"rating": 5, "date": "2018-04-01"}, {"rating": 4, "date": "2018-04-01"}, {"rating": 4, "date": "2018-04-01"}, {"rating": 5, "date": "2018-04-01"}, {"rating": 5, "date": "2018-04-01"}, {"rating": 5, "date": "2018-04-02"}, {"rating": 5, "date": "2018-04-02"}, {"rating": 5, "date": "2018-04-02"}, {"rating": 3, "date": "2018-04-03"}, {"rating": 5, "date": "2018-04-03"}, {"rating": 4, "date": "2018-04-04"}, {"rating": 5, "date": "2018-04-04"}, {"rating": 5, "date": "2018-04-05"}, {"rating": 5, "date": "2018-04-05"}, {"rating": 5, "date": "2018-04-06"}, {"rating": 5, "date": "2018-04-06"}, {"rating": 3, "date": "2018-04-06"}, {"rating": 5, "date": "2018-04-06"}, {"rating": 4, "date": "2018-04-07"}, {"rating": 4, "date": "2018-04-07"}, {"rating": 4, "date": "2018-04-07"}, {"rating": 5, "date": "2018-04-07"}, {"rating": 5, "date": "2018-04-07"}, {"rating": 5, "date": "2018-04-08"}, {"rating": 4, "date": "2018-04-08"}, {"rating": 4, "date": "2018-04-08"}, {"rating": 4, "date": "2018-04-09"}, {"rating": 4, "date": "2018-04-09"}, {"rating": 5, "date": "2018-04-09"}, {"rating": 4, "date": "2018-04-10"}, {"rating": 3, "date": "2018-04-10"}, {"rating": 5, "date": "2018-04-10"}, {"rating": 4, "date": "2018-04-11"}, {"rating": 4, "date": "2018-04-11"}, {"rating": 5, "date": "2018-04-12"}, {"rating": 4, "date": "2018-04-12"}, {"rating": 5, "date": "2018-04-12"}, {"rating": 4, "date": "2018-04-12"}, {"rating": 4, "date": "2018-04-12"}, {"rating": 5, "date": "2018-04-12"}, {"rating": 2, "date": "2018-04-12"}, {"rating": 5, "date": "2018-04-13"}, {"rating": 5, "date": "2018-04-13"}, {"rating": 4, "date": "2018-04-13"}, {"rating": 5, "date": "2018-04-13"}, {"rating": 3, "date": "2018-04-14"}, {"rating": 4, "date": "2018-04-14"}, {"rating": 3, "date": "2018-04-15"}, {"rating": 3, "date": "2018-04-15"}, {"rating": 4, "date": "2018-04-15"}, {"rating": 4, "date": "2018-04-15"}, {"rating": 3, "date": "2018-04-15"}, {"rating": 5, "date": "2018-04-16"}, {"rating": 4, "date": "2018-04-16"}, {"rating": 5, "date": "2018-04-16"}, {"rating": 4, "date": "2018-04-17"}, {"rating": 5, "date": "2018-04-17"}, {"rating": 5, "date": "2018-04-17"}, {"rating": 5, "date": "2018-04-18"}, {"rating": 4, "date": "2018-04-18"}, {"rating": 5, "date": "2018-04-18"}, {"rating": 4, "date": "2018-04-18"}, {"rating": 4, "date": "2018-04-18"}, {"rating": 4, "date": "2018-04-18"}, {"rating": 5, "date": "2018-04-18"}, {"rating": 5, "date": "2018-04-18"}, {"rating": 5, "date": "2018-04-18"}, {"rating": 5, "date": "2018-04-19"}, {"rating": 4, "date": "2018-04-19"}, {"rating": 5, "date": "2018-04-19"}, {"rating": 4, "date": "2018-04-20"}, {"rating": 5, "date": "2018-04-20"}, {"rating": 5, "date": "2018-04-20"}, {"rating": 5, "date": "2018-04-20"}, {"rating": 5, "date": "2018-04-21"}, {"rating": 4, "date": "2018-04-21"}, {"rating": 5, "date": "2018-04-21"}, {"rating": 5, "date": "2018-04-21"}, {"rating": 5, "date": "2018-04-21"}, {"rating": 5, "date": "2018-04-22"}, {"rating": 5, "date": "2018-04-22"}, {"rating": 5, "date": "2018-04-22"}, {"rating": 5, "date": "2018-04-22"}, {"rating": 5, "date": "2018-04-22"}, {"rating": 4, "date": "2018-04-22"}, {"rating": 5, "date": "2018-04-22"}, {"rating": 4, "date": "2018-04-22"}, {"rating": 4, "date": "2018-04-23"}, {"rating": 5, "date": "2018-04-23"}, {"rating": 4, "date": "2018-04-23"}, {"rating": 5, "date": "2018-04-23"}, {"rating": 3, "date": "2018-04-23"}, {"rating": 5, "date": "2018-04-23"}, {"rating": 4, "date": "2018-04-24"}, {"rating": 5, "date": "2018-04-24"}, {"rating": 3, "date": "2018-04-24"}, {"rating": 5, "date": "2018-04-24"}, {"rating": 5, "date": "2018-04-24"}, {"rating": 5, "date": "2018-04-24"}, {"rating": 5, "date": "2018-04-24"}, {"rating": 4, "date": "2018-04-24"}, {"rating": 4, "date": "2018-04-25"}, {"rating": 4, "date": "2018-04-25"}, {"rating": 1, "date": "2018-04-25"}, {"rating": 5, "date": "2018-04-25"}, {"rating": 5, "date": "2018-04-25"}, {"rating": 5, "date": "2018-04-25"}, {"rating": 5, "date": "2018-04-25"}, {"rating": 5, "date": "2018-04-26"}, {"rating": 4, "date": "2018-04-26"}, {"rating": 5, "date": "2018-04-26"}, {"rating": 5, "date": "2018-04-26"}, {"rating": 5, "date": "2018-04-26"}, {"rating": 4, "date": "2018-04-26"}, {"rating": 5, "date": "2018-04-27"}, {"rating": 5, "date": "2018-04-27"}, {"rating": 5, "date": "2018-04-27"}, {"rating": 5, "date": "2018-04-27"}, {"rating": 5, "date": "2018-04-27"}, {"rating": 5, "date": "2018-04-27"}, {"rating": 3, "date": "2018-04-28"}, {"rating": 5, "date": "2018-04-28"}, {"rating": 5, "date": "2018-04-28"}, {"rating": 5, "date": "2018-04-28"}, {"rating": 4, "date": "2018-04-28"}, {"rating": 5, "date": "2018-04-28"}, {"rating": 5, "date": "2018-04-28"}, {"rating": 3, "date": "2018-04-29"}, {"rating": 5, "date": "2018-04-29"}, {"rating": 3, "date": "2018-04-30"}, {"rating": 5, "date": "2018-04-30"}, {"rating": 5, "date": "2018-04-30"}, {"rating": 5, "date": "2018-04-30"}, {"rating": 3, "date": "2018-04-30"}, {"rating": 4, "date": "2018-04-30"}, {"rating": 5, "date": "2018-05-01"}, {"rating": 5, "date": "2018-05-01"}, {"rating": 5, "date": "2018-05-01"}, {"rating": 5, "date": "2018-05-01"}, {"rating": 3, "date": "2018-05-01"}, {"rating": 5, "date": "2018-05-01"}, {"rating": 4, "date": "2018-05-01"}, {"rating": 5, "date": "2018-05-01"}, {"rating": 5, "date": "2018-05-01"}, {"rating": 4, "date": "2018-05-01"}, {"rating": 3, "date": "2018-05-02"}, {"rating": 3, "date": "2018-05-02"}, {"rating": 4, "date": "2018-05-02"}, {"rating": 4, "date": "2018-05-02"}, {"rating": 5, "date": "2018-05-02"}, {"rating": 1, "date": "2018-05-02"}, {"rating": 4, "date": "2018-05-02"}, {"rating": 5, "date": "2018-05-02"}, {"rating": 5, "date": "2018-05-02"}, {"rating": 4, "date": "2018-05-02"}, {"rating": 4, "date": "2018-05-02"}, {"rating": 5, "date": "2018-05-02"}, {"rating": 5, "date": "2018-05-02"}, {"rating": 3, "date": "2018-05-02"}, {"rating": 4, "date": "2018-05-03"}, {"rating": 5, "date": "2018-05-03"}, {"rating": 4, "date": "2018-05-03"}, {"rating": 4, "date": "2018-05-03"}, {"rating": 5, "date": "2018-05-03"}, {"rating": 5, "date": "2018-05-03"}, {"rating": 5, "date": "2018-05-03"}, {"rating": 4, "date": "2018-05-04"}, {"rating": 5, "date": "2018-05-04"}, {"rating": 4, "date": "2018-05-04"}, {"rating": 3, "date": "2018-05-04"}, {"rating": 3, "date": "2018-05-04"}, {"rating": 1, "date": "2018-05-04"}, {"rating": 5, "date": "2018-05-04"}, {"rating": 5, "date": "2018-05-05"}, {"rating": 5, "date": "2018-05-05"}, {"rating": 4, "date": "2018-05-05"}, {"rating": 5, "date": "2018-05-05"}, {"rating": 4, "date": "2018-05-05"}, {"rating": 4, "date": "2018-05-05"}, {"rating": 5, "date": "2018-05-05"}, {"rating": 4, "date": "2018-05-05"}, {"rating": 5, "date": "2018-05-05"}, {"rating": 4, "date": "2018-05-05"}, {"rating": 5, "date": "2018-05-05"}, {"rating": 5, "date": "2018-05-05"}, {"rating": 5, "date": "2018-05-06"}, {"rating": 5, "date": "2018-05-06"}, {"rating": 3, "date": "2018-05-06"}, {"rating": 5, "date": "2018-05-06"}, {"rating": 4, "date": "2018-05-06"}, {"rating": 5, "date": "2018-05-06"}, {"rating": 5, "date": "2018-05-07"}, {"rating": 5, "date": "2018-05-07"}, {"rating": 5, "date": "2018-05-07"}, {"rating": 4, "date": "2018-05-07"}, {"rating": 4, "date": "2018-05-07"}, {"rating": 5, "date": "2018-05-07"}, {"rating": 5, "date": "2018-05-07"}, {"rating": 5, "date": "2018-05-07"}, {"rating": 4, "date": "2018-05-07"}, {"rating": 5, "date": "2018-05-08"}, {"rating": 5, "date": "2018-05-08"}, {"rating": 5, "date": "2018-05-08"}, {"rating": 5, "date": "2018-05-08"}]}, {"url": "https://www.goodreads.com/book/show/35604686-the-astonishing-color-of-after?from_choice=true", "name": "The Astonishing Color of After", "author": ["Emily X.R. Pan"], "average_rating": 4.14, "reviews": [{"rating": 4, "date": "2016-07-07"}, {"rating": 5, "date": "2016-07-07"}, {"rating": 5, "date": "2016-08-07"}, {"rating": 5, "date": "2016-10-25"}, {"rating": 5, "date": "2016-12-28"}, {"rating": 5, "date": "2017-02-12"}, {"rating": 4, "date": "2017-07-04"}, {"rating": 5, "date": "2017-07-08"}, {"rating": 4, "date": "2017-07-14"}, {"rating": 4, "date": "2017-07-15"}, {"rating": 5, "date": "2017-08-01"}, {"rating": 5, "date": "2017-08-16"}, {"rating": 4, "date": "2017-08-28"}, {"rating": 4, "date": "2017-09-03"}, {"rating": 5, "date": "2017-09-10"}, {"rating": 5, "date": "2017-09-12"}, {"rating": 3, "date": "2017-09-18"}, {"rating": 5, "date": "2017-09-23"}, {"rating": 4, "date": "2017-09-24"}, {"rating": 4, "date": "2017-09-25"}, {"rating": 3, "date": "2017-10-06"}, {"rating": 5, "date": "2017-10-08"}, {"rating": 5, "date": "2017-10-12"}, {"rating": 5, "date": "2017-10-14"}, {"rating": 5, "date": "2017-10-19"}, {"rating": 5, "date": "2017-10-29"}, {"rating": 5, "date": "2017-10-30"}, {"rating": 5, "date": "2017-10-30"}, {"rating": 5, "date": "2017-10-31"}, {"rating": 4, "date": "2017-10-31"}, {"rating": 4, "date": "2017-11-01"}, {"rating": 4, "date": "2017-11-04"}, {"rating": 5, "date": "2017-11-05"}, {"rating": 5, "date": "2017-11-06"}, {"rating": 5, "date": "2017-11-08"}, {"rating": 5, "date": "2017-11-13"}, {"rating": 5, "date": "2017-11-14"}, {"rating": 5, "date": "2017-11-16"}, {"rating": 4, "date": "2017-11-21"}, {"rating": 5, "date": "2017-11-24"}, {"rating": 5, "date": "2017-11-26"}, {"rating": 4, "date": "2017-11-27"}, {"rating": 5, "date": "2017-11-28"}, {"rating": 4, "date": "2017-11-28"}, {"rating": 5, "date": "2017-11-28"}, {"rating": 5, "date": "2017-12-07"}, {"rating": 5, "date": "2017-12-07"}, {"rating": 5, "date": "2017-12-09"}, {"rating": 3, "date": "2017-12-11"}, {"rating": 5, "date": "2017-12-12"}, {"rating": 5, "date": "2017-12-13"}, {"rating": 5, "date": "2017-12-13"}, {"rating": 4, "date": "2017-12-15"}, {"rating": 5, "date": "2017-12-19"}, {"rating": 5, "date": "2017-12-20"}, {"rating": 4, "date": "2017-12-21"}, {"rating": 5, "date": "2017-12-24"}, {"rating": 5, "date": "2017-12-27"}, {"rating": 5, "date": "2017-12-29"}, {"rating": 5, "date": "2017-12-30"}, {"rating": 5, "date": "2017-12-31"}, {"rating": 5, "date": "2018-01-01"}, {"rating": 5, "date": "2018-01-01"}, {"rating": 4, "date": "2018-01-02"}, {"rating": 4, "date": "2018-01-02"}, {"rating": 3, "date": "2018-01-02"}, {"rating": 4, "date": "2018-01-03"}, {"rating": 5, "date": "2018-01-03"}, {"rating": 4, "date": "2018-01-04"}, {"rating": 5, "date": "2018-01-05"}, {"rating": 5, "date": "2018-01-06"}, {"rating": 5, "date": "2018-01-09"}, {"rating": 5, "date": "2018-01-10"}, {"rating": 5, "date": "2018-01-10"}, {"rating": 4, "date": "2018-01-10"}, {"rating": 4, "date": "2018-01-10"}, {"rating": 5, "date": "2018-01-11"}, {"rating": 5, "date": "2018-01-11"}, {"rating": 4, "date": "2018-01-12"}, {"rating": 4, "date": "2018-01-13"}, {"rating": 5, "date": "2018-01-14"}, {"rating": 4, "date": "2018-01-14"}, {"rating": 5, "date": "2018-01-15"}, {"rating": 5, "date": "2018-01-15"}, {"rating": 4, "date": "2018-01-15"}, {"rating": 3, "date": "2018-01-16"}, {"rating": 5, "date": "2018-01-16"}, {"rating": 5, "date": "2018-01-17"}, {"rating": 3, "date": "2018-01-17"}, {"rating": 4, "date": "2018-01-18"}, {"rating": 5, "date": "2018-01-18"}, {"rating": 5, "date": "2018-01-18"}, {"rating": 2, "date": "2018-01-20"}, {"rating": 5, "date": "2018-01-20"}, {"rating": 3, "date": "2018-01-20"}, {"rating": 5, "date": "2018-01-20"}, {"rating": 5, "date": "2018-01-21"}, {"rating": 5, "date": "2018-01-21"}, {"rating": 3, "date": "2018-01-22"}, {"rating": 4, "date": "2018-01-22"}, {"rating": 5, "date": "2018-01-23"}, {"rating": 5, "date": "2018-01-23"}, {"rating": 5, "date": "2018-01-24"}, {"rating": 4, "date": "2018-01-24"}, {"rating": 5, "date": "2018-01-24"}, {"rating": 4, "date": "2018-01-25"}, {"rating": 4, "date": "2018-01-25"}, {"rating": 4, "date": "2018-01-26"}, {"rating": 5, "date": "2018-01-29"}, {"rating": 4, "date": "2018-01-31"}, {"rating": 4, "date": "2018-02-01"}, {"rating": 5, "date": "2018-02-02"}, {"rating": 5, "date": "2018-02-02"}, {"rating": 4, "date": "2018-02-03"}, {"rating": 5, "date": "2018-02-03"}, {"rating": 5, "date": "2018-02-03"}, {"rating": 5, "date": "2018-02-04"}, {"rating": 5, "date": "2018-02-04"}, {"rating": 5, "date": "2018-02-05"}, {"rating": 3, "date": "2018-02-06"}, {"rating": 5, "date": "2018-02-07"}, {"rating": 5, "date": "2018-02-07"}, {"rating": 5, "date": "2018-02-08"}, {"rating": 5, "date": "2018-02-09"}, {"rating": 4, "date": "2018-02-11"}, {"rating": 4, "date": "2018-02-11"}, {"rating": 4, "date": "2018-02-11"}, {"rating": 5, "date": "2018-02-11"}, {"rating": 4, "date": "2018-02-11"}, {"rating": 5, "date": "2018-02-12"}, {"rating": 4, "date": "2018-02-14"}, {"rating": 4, "date": "2018-02-14"}, {"rating": 5, "date": "2018-02-14"}, {"rating": 4, "date": "2018-02-14"}, {"rating": 4, "date": "2018-02-15"}, {"rating": 5, "date": "2018-02-15"}, {"rating": 3, "date": "2018-02-17"}, {"rating": 5, "date": "2018-02-17"}, {"rating": 4, "date": "2018-02-17"}, {"rating": 5, "date": "2018-02-17"}, {"rating": 5, "date": "2018-02-18"}, {"rating": 4, "date": "2018-02-18"}, {"rating": 3, "date": "2018-02-19"}, {"rating": 2, "date": "2018-02-20"}, {"rating": 4, "date": "2018-02-20"}, {"rating": 5, "date": "2018-02-20"}, {"rating": 4, "date": "2018-02-20"}, {"rating": 3, "date": "2018-02-21"}, {"rating": 5, "date": "2018-02-21"}, {"rating": 4, "date": "2018-02-21"}, {"rating": 4, "date": "2018-02-21"}, {"rating": 4, "date": "2018-02-21"}, {"rating": 5, "date": "2018-02-22"}, {"rating": 2, "date": "2018-02-22"}, {"rating": 4, "date": "2018-02-24"}, {"rating": 5, "date": "2018-02-25"}, {"rating": 3, "date": "2018-02-26"}, {"rating": 3, "date": "2018-02-26"}, {"rating": 1, "date": "2018-02-27"}, {"rating": 3, "date": "2018-02-27"}, {"rating": 4, "date": "2018-02-27"}, {"rating": 3, "date": "2018-02-27"}, {"rating": 5, "date": "2018-02-27"}, {"rating": 5, "date": "2018-02-28"}, {"rating": 5, "date": "2018-03-01"}, {"rating": 5, "date": "2018-03-01"}, {"rating": 2, "date": "2018-03-01"}, {"rating": 4, "date": "2018-03-01"}, {"rating": 3, "date": "2018-03-02"}, {"rating": 5, "date": "2018-03-02"}, {"rating": 4, "date": "2018-03-02"}, {"rating": 5, "date": "2018-03-03"}, {"rating": 5, "date": "2018-03-03"}, {"rating": 4, "date": "2018-03-04"}, {"rating": 1, "date": "2018-03-04"}, {"rating": 4, "date": "2018-03-04"}, {"rating": 4, "date": "2018-03-04"}, {"rating": 3, "date": "2018-03-04"}, {"rating": 4, "date": "2018-03-04"}, {"rating": 3, "date": "2018-03-06"}, {"rating": 5, "date": "2018-03-06"}, {"rating": 5, "date": "2018-03-06"}, {"rating": 4, "date": "2018-03-07"}, {"rating": 5, "date": "2018-03-07"}, {"rating": 4, "date": "2018-03-07"}, {"rating": 4, "date": "2018-03-07"}, {"rating": 4, "date": "2018-03-07"}, {"rating": 5, "date": "2018-03-08"}, {"rating": 5, "date": "2018-03-08"}, {"rating": 5, "date": "2018-03-08"}, {"rating": 5, "date": "2018-03-08"}, {"rating": 5, "date": "2018-03-08"}, {"rating": 4, "date": "2018-03-08"}, {"rating": 3, "date": "2018-03-09"}, {"rating": 5, "date": "2018-03-09"}, {"rating": 4, "date": "2018-03-09"}, {"rating": 4, "date": "2018-03-09"}, {"rating": 4, "date": "2018-03-10"}, {"rating": 4, "date": "2018-03-10"}, {"rating": 5, "date": "2018-03-10"}, {"rating": 3, "date": "2018-03-10"}, {"rating": 5, "date": "2018-03-10"}, {"rating": 4, "date": "2018-03-10"}, {"rating": 4, "date": "2018-03-10"}, {"rating": 5, "date": "2018-03-10"}, {"rating": 4, "date": "2018-03-10"}, {"rating": 5, "date": "2018-03-11"}, {"rating": 3, "date": "2018-03-11"}, {"rating": 5, "date": "2018-03-11"}, {"rating": 3, "date": "2018-03-11"}, {"rating": 5, "date": "2018-03-11"}, {"rating": 5, "date": "2018-03-11"}, {"rating": 5, "date": "2018-03-11"}, {"rating": 4, "date": "2018-03-11"}, {"rating": 4, "date": "2018-03-11"}, {"rating": 3, "date": "2018-03-11"}, {"rating": 4, "date": "2018-03-11"}, {"rating": 4, "date": "2018-03-11"}, {"rating": 3, "date": "2018-03-11"}, {"rating": 5, "date": "2018-03-11"}, {"rating": 5, "date": "2018-03-11"}, {"rating": 5, "date": "2018-03-12"}, {"rating": 5, "date": "2018-03-12"}, {"rating": 5, "date": "2018-03-12"}, {"rating": 4, "date": "2018-03-12"}, {"rating": 4, "date": "2018-03-12"}, {"rating": 5, "date": "2018-03-12"}, {"rating": 5, "date": "2018-03-12"}, {"rating": 5, "date": "2018-03-12"}, {"rating": 4, "date": "2018-03-12"}, {"rating": 4, "date": "2018-03-12"}, {"rating": 5, "date": "2018-03-12"}, {"rating": 3, "date": "2018-03-12"}, {"rating": 3, "date": "2018-03-12"}, {"rating": 4, "date": "2018-03-12"}, {"rating": 4, "date": "2018-03-12"}, {"rating": 4, "date": "2018-03-12"}, {"rating": 4, "date": "2018-03-13"}, {"rating": 4, "date": "2018-03-13"}, {"rating": 1, "date": "2018-03-13"}, {"rating": 4, "date": "2018-03-13"}, {"rating": 4, "date": "2018-03-13"}, {"rating": 5, "date": "2018-03-13"}, {"rating": 4, "date": "2018-03-13"}, {"rating": 5, "date": "2018-03-13"}, {"rating": 4, "date": "2018-03-13"}, {"rating": 3, "date": "2018-03-13"}, {"rating": 4, "date": "2018-03-13"}, {"rating": 5, "date": "2018-03-13"}, {"rating": 4, "date": "2018-03-13"}, {"rating": 5, "date": "2018-03-13"}, {"rating": 3, "date": "2018-03-13"}, {"rating": 5, "date": "2018-03-14"}, {"rating": 5, "date": "2018-03-14"}, {"rating": 5, "date": "2018-03-14"}, {"rating": 4, "date": "2018-03-14"}, {"rating": 4, "date": "2018-03-14"}, {"rating": 3, "date": "2018-03-14"}, {"rating": 3, "date": "2018-03-14"}, {"rating": 5, "date": "2018-03-14"}, {"rating": 4, "date": "2018-03-14"}, {"rating": 4, "date": "2018-03-14"}, {"rating": 5, "date": "2018-03-14"}, {"rating": 3, "date": "2018-03-14"}, {"rating": 4, "date": "2018-03-14"}, {"rating": 3, "date": "2018-03-14"}, {"rating": 4, "date": "2018-03-14"}, {"rating": 4, "date": "2018-03-14"}, {"rating": 4, "date": "2018-03-14"}, {"rating": 4, "date": "2018-03-14"}, {"rating": 4, "date": "2018-03-14"}, {"rating": 4, "date": "2018-03-15"}, {"rating": 1, "date": "2018-03-15"}, {"rating": 4, "date": "2018-03-15"}, {"rating": 5, "date": "2018-03-15"}, {"rating": 3, "date": "2018-03-15"}, {"rating": 4, "date": "2018-03-15"}, {"rating": 5, "date": "2018-03-15"}, {"rating": 5, "date": "2018-03-15"}, {"rating": 5, "date": "2018-03-15"}, {"rating": 3, "date": "2018-03-15"}, {"rating": 4, "date": "2018-03-15"}, {"rating": 4, "date": "2018-03-15"}, {"rating": 3, "date": "2018-03-15"}, {"rating": 5, "date": "2018-03-15"}, {"rating": 5, "date": "2018-03-15"}, {"rating": 4, "date": "2018-03-15"}, {"rating": 5, "date": "2018-03-15"}, {"rating": 4, "date": "2018-03-16"}]}, {"url": "https://www.goodreads.com/book/show/36577586-the-kiss-quotient?from_choice=true", "name": "The Kiss Quotient", "author": ["Helen Hoang"], "average_rating": 3.9, "reviews": [{"rating": 5, "date": "2017-09-07"}, {"rating": 5, "date": "2017-09-20"}, {"rating": 5, "date": "2017-09-20"}, {"rating": 5, "date": "2017-09-24"}, {"rating": 5, "date": "2017-09-26"}, {"rating": 5, "date": "2017-09-27"}, {"rating": 5, "date": "2017-09-28"}, {"rating": 4, "date": "2017-10-07"}, {"rating": 5, "date": "2017-10-09"}, {"rating": 5, "date": "2017-10-20"}, {"rating": 5, "date": "2017-10-22"}, {"rating": 4, "date": "2017-10-22"}, {"rating": 5, "date": "2017-10-22"}, {"rating": 5, "date": "2017-10-24"}, {"rating": 4, "date": "2017-10-25"}, {"rating": 4, "date": "2017-11-12"}, {"rating": 5, "date": "2017-11-29"}, {"rating": 4, "date": "2017-11-30"}, {"rating": 5, "date": "2017-12-01"}, {"rating": 5, "date": "2017-12-01"}, {"rating": 5, "date": "2017-12-02"}, {"rating": 5, "date": "2017-12-20"}, {"rating": 4, "date": "2017-12-27"}, {"rating": 4, "date": "2017-12-28"}, {"rating": 5, "date": "2017-12-31"}, {"rating": 5, "date": "2018-01-06"}, {"rating": 5, "date": "2018-01-08"}, {"rating": 5, "date": "2018-01-10"}, {"rating": 5, "date": "2018-01-19"}, {"rating": 5, "date": "2018-01-19"}, {"rating": 5, "date": "2018-01-28"}, {"rating": 5, "date": "2018-01-30"}, {"rating": 5, "date": "2018-02-05"}, {"rating": 4, "date": "2018-02-05"}, {"rating": 5, "date": "2018-02-05"}, {"rating": 4, "date": "2018-02-06"}, {"rating": 5, "date": "2018-02-13"}, {"rating": 5, "date": "2018-02-14"}, {"rating": 5, "date": "2018-02-17"}, {"rating": 4, "date": "2018-02-19"}, {"rating": 4, "date": "2018-02-22"}, {"rating": 5, "date": "2018-02-23"}, {"rating": 5, "date": "2018-02-24"}, {"rating": 5, "date": "2018-02-24"}, {"rating": 5, "date": "2018-03-01"}, {"rating": 4, "date": "2018-03-01"}, {"rating": 3, "date": "2018-03-01"}, {"rating": 5, "date": "2018-03-01"}, {"rating": 5, "date": "2018-03-02"}, {"rating": 5, "date": "2018-03-02"}, {"rating": 5, "date": "2018-03-02"}, {"rating": 5, "date": "2018-03-04"}, {"rating": 5, "date": "2018-03-05"}, {"rating": 5, "date": "2018-03-09"}, {"rating": 5, "date": "2018-03-09"}, {"rating": 5, "date": "2018-03-10"}, {"rating": 5, "date": "2018-03-10"}, {"rating": 5, "date": "2018-03-11"}, {"rating": 4, "date": "2018-03-12"}, {"rating": 3, "date": "2018-03-12"}, {"rating": 5, "date": "2018-03-13"}, {"rating": 5, "date": "2018-03-13"}, {"rating": 5, "date": "2018-03-14"}, {"rating": 5, "date": "2018-03-17"}, {"rating": 5, "date": "2018-03-17"}, {"rating": 5, "date": "2018-03-17"}, {"rating": 4, "date": "2018-03-18"}, {"rating": 4, "date": "2018-03-18"}, {"rating": 5, "date": "2018-03-18"}, {"rating": 4, "date": "2018-03-19"}, {"rating": 5, "date": "2018-03-19"}, {"rating": 5, "date": "2018-03-19"}, {"rating": 4, "date": "2018-03-20"}, {"rating": 5, "date": "2018-03-20"}, {"rating": 5, "date": "2018-03-20"}, {"rating": 4, "date": "2018-03-21"}, {"rating": 5, "date": "2018-03-21"}, {"rating": 5, "date": "2018-03-22"}, {"rating": 5, "date": "2018-03-23"}, {"rating": 5, "date": "2018-03-23"}, {"rating": 5, "date": "2018-03-24"}, {"rating": 4, "date": "2018-03-24"}, {"rating": 4, "date": "2018-03-26"}, {"rating": 5, "date": "2018-03-27"}, {"rating": 5, "date": "2018-03-27"}, {"rating": 5, "date": "2018-03-28"}, {"rating": 5, "date": "2018-03-28"}, {"rating": 2, "date": "2018-03-30"}, {"rating": 5, "date": "2018-03-30"}, {"rating": 5, "date": "2018-03-31"}, {"rating": 3, "date": "2018-03-31"}, {"rating": 5, "date": "2018-04-01"}, {"rating": 4, "date": "2018-04-01"}, {"rating": 4, "date": "2018-04-01"}, {"rating": 5, "date": "2018-04-01"}, {"rating": 5, "date": "2018-04-01"}, {"rating": 5, "date": "2018-04-02"}, {"rating": 5, "date": "2018-04-02"}, {"rating": 5, "date": "2018-04-02"}, {"rating": 3, "date": "2018-04-03"}, {"rating": 5, "date": "2018-04-03"}, {"rating": 4, "date": "2018-04-04"}, {"rating": 5, "date": "2018-04-04"}, {"rating": 5, "date": "2018-04-05"}, {"rating": 5, "date": "2018-04-05"}, {"rating": 5, "date": "2018-04-06"}, {"rating": 5, "date": "2018-04-06"}, {"rating": 3, "date": "2018-04-06"}, {"rating": 5, "date": "2018-04-06"}, {"rating": 4, "date": "2018-04-07"}, {"rating": 4, "date": "2018-04-07"}, {"rating": 4, "date": "2018-04-07"}, {"rating": 5, "date": "2018-04-07"}, {"rating": 5, "date": "2018-04-07"}, {"rating": 5, "date": "2018-04-08"}, {"rating": 4, "date": "2018-04-08"}, {"rating": 4, "date": "2018-04-08"}, {"rating": 4, "date": "2018-04-09"}, {"rating": 4, "date": "2018-04-09"}, {"rating": 5, "date": "2018-04-09"}, {"rating": 4, "date": "2018-04-10"}, {"rating": 3, "date": "2018-04-10"}, {"rating": 5, "date": "2018-04-10"}, {"rating": 4, "date": "2018-04-11"}, {"rating": 4, "date": "2018-04-11"}, {"rating": 5, "date": "2018-04-12"}, {"rating": 4, "date": "2018-04-12"}, {"rating": 5, "date": "2018-04-12"}, {"rating": 4, "date": "2018-04-12"}, {"rating": 4, "date": "2018-04-12"}, {"rating": 5, "date": "2018-04-12"}, {"rating": 2, "date": "2018-04-12"}, {"rating": 5, "date": "2018-04-13"}, {"rating": 5, "date": "2018-04-13"}, {"rating": 4, "date": "2018-04-13"}, {"rating": 5, "date": "2018-04-13"}, {"rating": 3, "date": "2018-04-14"}, {"rating": 4, "date": "2018-04-14"}, {"rating": 3, "date": "2018-04-15"}, {"rating": 3, "date": "2018-04-15"}, {"rating": 4, "date": "2018-04-15"}, {"rating": 4, "date": "2018-04-15"}, {"rating": 3, "date": "2018-04-15"}, {"rating": 5, "date": "2018-04-16"}, {"rating": 4, "date": "2018-04-16"}, {"rating": 5, "date": "2018-04-16"}, {"rating": 4, "date": "2018-04-17"}, {"rating": 5, "date": "2018-04-17"}, {"rating": 5, "date": "2018-04-17"}, {"rating": 5, "date": "2018-04-18"}, {"rating": 4, "date": "2018-04-18"}, {"rating": 5, "date": "2018-04-18"}, {"rating": 4, "date": "2018-04-18"}, {"rating": 4, "date": "2018-04-18"}, {"rating": 4, "date": "2018-04-18"}, {"rating": 5, "date": "2018-04-18"}, {"rating": 5, "date": "2018-04-18"}, {"rating": 5, "date": "2018-04-18"}, {"rating": 5, "date": "2018-04-19"}, {"rating": 4, "date": "2018-04-19"}, {"rating": 5, "date": "2018-04-19"}, {"rating": 4, "date": "2018-04-20"}, {"rating": 5, "date": "2018-04-20"}, {"rating": 5, "date": "2018-04-20"}, {"rating": 5, "date": "2018-04-20"}, {"rating": 5, "date": "2018-04-21"}, {"rating": 4, "date": "2018-04-21"}, {"rating": 5, "date": "2018-04-21"}, {"rating": 5, "date": "2018-04-21"}, {"rating": 5, "date": "2018-04-21"}, {"rating": 5, "date": "2018-04-22"}, {"rating": 5, "date": "2018-04-22"}, {"rating": 5, "date": "2018-04-22"}, {"rating": 5, "date": "2018-04-22"}, {"rating": 5, "date": "2018-04-22"}, {"rating": 4, "date": "2018-04-22"}, {"rating": 5, "date": "2018-04-22"}, {"rating": 4, "date": "2018-04-22"}, {"rating": 4, "date": "2018-04-23"}, {"rating": 5, "date": "2018-04-23"}, {"rating": 4, "date": "2018-04-23"}, {"rating": 5, "date": "2018-04-23"}, {"rating": 3, "date": "2018-04-23"}, {"rating": 5, "date": "2018-04-23"}, {"rating": 4, "date": "2018-04-24"}, {"rating": 5, "date": "2018-04-24"}, {"rating": 3, "date": "2018-04-24"}, {"rating": 5, "date": "2018-04-24"}, {"rating": 5, "date": "2018-04-24"}, {"rating": 5, "date": "2018-04-24"}, {"rating": 4, "date": "2018-04-24"}, {"rating": 4, "date": "2018-04-24"}, {"rating": 4, "date": "2018-04-25"}, {"rating": 4, "date": "2018-04-25"}, {"rating": 1, "date": "2018-04-25"}, {"rating": 5, "date": "2018-04-25"}, {"rating": 5, "date": "2018-04-25"}, {"rating": 5, "date": "2018-04-25"}, {"rating": 5, "date": "2018-04-25"}, {"rating": 5, "date": "2018-04-26"}, {"rating": 4, "date": "2018-04-26"}, {"rating": 5, "date": "2018-04-26"}, {"rating": 5, "date": "2018-04-26"}, {"rating": 5, "date": "2018-04-26"}, {"rating": 4, "date": "2018-04-26"}, {"rating": 5, "date": "2018-04-27"}, {"rating": 5, "date": "2018-04-27"}, {"rating": 5, "date": "2018-04-27"}, {"rating": 5, "date": "2018-04-27"}, {"rating": 5, "date": "2018-04-27"}, {"rating": 5, "date": "2018-04-27"}, {"rating": 3, "date": "2018-04-28"}, {"rating": 5, "date": "2018-04-28"}, {"rating": 5, "date": "2018-04-28"}, {"rating": 5, "date": "2018-04-28"}, {"rating": 4, "date": "2018-04-28"}, {"rating": 5, "date": "2018-04-28"}, {"rating": 5, "date": "2018-04-28"}, {"rating": 3, "date": "2018-04-29"}, {"rating": 5, "date": "2018-04-29"}, {"rating": 3, "date": "2018-04-30"}, {"rating": 5, "date": "2018-04-30"}, {"rating": 5, "date": "2018-04-30"}, {"rating": 5, "date": "2018-04-30"}, {"rating": 3, "date": "2018-04-30"}, {"rating": 4, "date": "2018-04-30"}, {"rating": 5, "date": "2018-05-01"}, {"rating": 5, "date": "2018-05-01"}, {"rating": 5, "date": "2018-05-01"}, {"rating": 5, "date": "2018-05-01"}, {"rating": 3, "date": "2018-05-01"}, {"rating": 5, "date": "2018-05-01"}, {"rating": 4, "date": "2018-05-01"}, {"rating": 5, "date": "2018-05-01"}, {"rating": 5, "date": "2018-05-01"}, {"rating": 4, "date": "2018-05-01"}, {"rating": 3, "date": "2018-05-02"}, {"rating": 3, "date": "2018-05-02"}, {"rating": 4, "date": "2018-05-02"}, {"rating": 4, "date": "2018-05-02"}, {"rating": 5, "date": "2018-05-02"}, {"rating": 1, "date": "2018-05-02"}, {"rating": 4, "date": "2018-05-02"}, {"rating": 5, "date": "2018-05-02"}, {"rating": 5, "date": "2018-05-02"}, {"rating": 4, "date": "2018-05-02"}, {"rating": 4, "date": "2018-05-02"}, {"rating": 5, "date": "2018-05-02"}, {"rating": 5, "date": "2018-05-02"}, {"rating": 3, "date": "2018-05-02"}, {"rating": 4, "date": "2018-05-03"}, {"rating": 5, "date": "2018-05-03"}, {"rating": 4, "date": "2018-05-03"}, {"rating": 4, "date": "2018-05-03"}, {"rating": 5, "date": "2018-05-03"}, {"rating": 5, "date": "2018-05-03"}, {"rating": 5, "date": "2018-05-03"}, {"rating": 4, "date": "2018-05-04"}, {"rating": 5, "date": "2018-05-04"}, {"rating": 4, "date": "2018-05-04"}, {"rating": 3, "date": "2018-05-04"}, {"rating": 3, "date": "2018-05-04"}, {"rating": 1, "date": "2018-05-04"}, {"rating": 5, "date": "2018-05-04"}, {"rating": 5, "date": "2018-05-05"}, {"rating": 5, "date": "2018-05-05"}, {"rating": 4, "date": "2018-05-05"}, {"rating": 5, "date": "2018-05-05"}, {"rating": 4, "date": "2018-05-05"}, {"rating": 4, "date": "2018-05-05"}, {"rating": 5, "date": "2018-05-05"}, {"rating": 4, "date": "2018-05-05"}, {"rating": 5, "date": "2018-05-05"}, {"rating": 4, "date": "2018-05-05"}, {"rating": 5, "date": "2018-05-05"}, {"rating": 5, "date": "2018-05-05"}, {"rating": 5, "date": "2018-05-06"}, {"rating": 5, "date": "2018-05-06"}, {"rating": 3, "date": "2018-05-06"}, {"rating": 5, "date": "2018-05-06"}, {"rating": 4, "date": "2018-05-06"}, {"rating": 5, "date": "2018-05-06"}, {"rating": 5, "date": "2018-05-07"}, {"rating": 5, "date": "2018-05-07"}, {"rating": 5, "date": "2018-05-07"}, {"rating": 4, "date": "2018-05-07"}, {"rating": 4, "date": "2018-05-07"}, {"rating": 5, "date": "2018-05-07"}, {"rating": 5, "date": "2018-05-07"}, {"rating": 5, "date": "2018-05-07"}, {"rating": 4, "date": "2018-05-07"}, {"rating": 5, "date": "2018-05-08"}, {"rating": 5, "date": "2018-05-08"}, {"rating": 5, "date": "2018-05-08"}, {"rating": 5, "date": "2018-05-08"}]}]